Surname,Given Name,Company,E-Mail,Job Title,City,Office Phone,ID,Password,Group,Organizational Unit
Barber,Nell,Nec LLP,amet.ante.Vivamus@aliquetmetusurna.net,Junior,Enns,(886) 832-9474,cpt-001,Skills39,KV-Competitors,Competitors
Medina,Hakeem,Eu Tellus Eu Company,pellentesque@molestieSedid.co.uk,Junior,Warwick,(481) 679-4797,cpt-002,Skills39,KV-Competitors,Competitors
Mullins,Palmer,Ligula Tortor Incorporated,libero@etpede.com,Junior,Nieuwkerken-Waas,(388) 377-2055,cpt-003,Skills39,KV-Competitors,Competitors
Fields,Margaret,Ullamcorper Duis Cursus PC,nisi.Cum.sociis@risusa.org,Junior,Issime,(354) 273-5132,cpt-004,Skills39,KV-Competitors,Competitors
Shields,Fay,Faucibus Orci Luctus LLC,feugiat@Crasegetnisi.ca,Junior,Orilla,(989) 346-6390,cpt-005,Skills39,KV-Competitors,Competitors
Merritt,Castor,Elit Erat Vitae Ltd,dui.semper@apurusDuis.ca,Junior,Quilaco,(124) 906-6686,cpt-006,Skills39,KV-Competitors,Competitors
Craft,Hilel,Ipsum Sodales Purus Company,eget.varius.ultrices@Aliquam.org,Junior,Goderich,(186) 190-6000,cpt-007,Skills39,KV-Competitors,Competitors
Douglas,Caleb,Et Corp.,tempor.augue@etmagnisdis.co.uk,Junior,Durg,(944) 459-3432,cpt-008,Skills39,KV-Competitors,Competitors
Mccall,Dennis,Felis Purus Associates,vitae.sodales@Sednecmetus.com,Junior,South Dum Dum,(286) 364-5364,cpt-009,Skills39,KV-Competitors,Competitors
Fox,Ignatius,Vulputate Lacus Limited,ac@sodalesMaurisblandit.net,Junior,Godhra,(734) 737-7003,cpt-010,Skills39,KV-Competitors,Competitors
Bishop,Mallory,Amet Incorporated,ornare.In@purussapien.edu,Junior,Bonnyrigg,(541) 928-9933,cpt-011,Skills39,KV-Competitors,Competitors
Caldwell,Shelby,Gravida Consulting,consectetuer.cursus.et@Aliquam.edu,Junior,Wedel,(393) 761-0667,cpt-012,Skills39,KV-Competitors,Competitors
Barron,Serena,Feugiat Non Lobortis Corp.,metus@adipiscingenimmi.net,Junior,Napier,(132) 899-8531,cpt-013,Skills39,KV-Competitors,Competitors
Black,Troy,Nonummy Ipsum Non Industries,mi.fringilla.mi@non.com,Junior,Orlando,(702) 510-7747,cpt-014,Skills39,KV-Competitors,Competitors
Cash,Wang,Enim Curabitur Associates,gravida.non@tellusjustosit.ca,Junior,Curitiba,(794) 884-1717,cpt-015,Skills39,KV-Competitors,Competitors
Porter,Abbot,At Foundation,ultrices.posuere@lorem.edu,Junior,Chiusa/Klausen,(108) 781-9608,cpt-016,Skills39,KV-Competitors,Competitors
Bates,Cade,Duis Volutpat Corp.,Cum@auctornunc.ca,Junior,Duffel,(630) 780-9812,cpt-017,Skills39,KV-Competitors,Competitors
Olsen,Sopoline,Sed Libero Limited,amet.ante@etcommodo.edu,Junior,Dera Ghazi Khan,(164) 930-5248,cpt-018,Skills39,KV-Competitors,Competitors
Fowler,Blaze,Tincidunt LLP,Aliquam.adipiscing.lobortis@Duisatlacus.edu,Junior,Schwalbach,(171) 986-4786,cpt-019,Skills39,KV-Competitors,Competitors
Dickerson,Jocelyn,Donec LLP,felis@IncondimentumDonec.co.uk,Junior,Matlock,(875) 258-2605,cpt-020,Skills39,KV-Competitors,Competitors
Clarke,Ina,Et Corporation,egestas@netus.edu,Junior,Oberwart,(409) 730-8927,cpt-021,Skills39,KV-Competitors,Competitors
Vance,Clinton,Nibh Aliquam Corporation,faucibus.orci@erosnec.org,Junior,Bangor,(239) 920-1479,cpt-022,Skills39,KV-Competitors,Competitors
Wise,Serina,Phasellus Corp.,eros.nec@arcuAliquam.com,Junior,Siddi,(881) 885-7069,cpt-023,Skills39,KV-Competitors,Competitors
Horn,Rachel,Sed Id Risus Associates,sem.vitae.aliquam@felis.org,Junior,Bersillies-l'Abbaye,(967) 835-4486,cpt-024,Skills39,KV-Competitors,Competitors
Mitchell,Ariana,Ac Feugiat Foundation,Sed.id.risus@Nunclaoreetlectus.org,Junior,Oostkerke,(261) 534-2431,cpt-025,Skills39,KV-Competitors,Competitors
Clayton,Blaze,Id Sapien Cras LLP,aliquet.odio.Etiam@rhoncusid.net,Junior,Beaumont,(591) 498-8224,cpt-026,Skills39,KV-Competitors,Competitors
Ward,Travis,Tristique LLC,eu.euismod@antedictumcursus.net,Junior,FlŽnu,(181) 501-1294,cpt-027,Skills39,KV-Competitors,Competitors
Spears,Elton,Lorem Associates,mollis.vitae.posuere@telluseuaugue.ca,Junior,Desteldonk,(988) 663-8797,cpt-028,Skills39,KV-Competitors,Competitors
Wagner,Pandora,Mi Fringilla Company,fringilla.purus@iaculisenim.ca,Junior,Nagarcoil,(740) 168-7245,cpt-029,Skills39,KV-Competitors,Competitors
Wilson,Geraldine,Donec Ltd,amet@ametdapibusid.ca,Junior,Virelles,(952) 855-1756,cpt-030,Skills39,KV-Competitors,Competitors
Blackwell,Wilma,Donec Sollicitudin Corp.,dolor@Nunc.ca,Junior,Mombaruzzo,(138) 460-1473,cpt-031,Skills39,KV-Competitors,Competitors
Guthrie,Josiah,Non Dapibus Corporation,tempor@dignissim.com,Junior,Durgapur,(186) 693-7218,cpt-032,Skills39,KV-Competitors,Competitors
Trujillo,Rahim,Luctus Limited,Sed@Aenean.edu,Junior,La Spezia,(210) 333-4644,cpt-033,Skills39,KV-Competitors,Competitors
Caldwell,Adrian,Turpis Nulla Aliquet Associates,augue@Aliquameratvolutpat.edu,Junior,Mesa,(598) 274-1800,cpt-034,Skills39,KV-Competitors,Competitors
Meyers,Ingrid,Semper Institute,massa@lectusNullamsuscipit.co.uk,Junior,Tulsa,(258) 415-8358,cpt-035,Skills39,KV-Competitors,Competitors
Alvarado,Jackson,Phasellus Incorporated,auctor@Nullamlobortis.org,Junior,Sant'Angelo Limosano,(790) 135-0565,cpt-036,Skills39,KV-Competitors,Competitors
Clements,Oren,Feugiat Metus Corporation,ultricies@Maurisquis.edu,Junior,Vernole,(932) 572-0414,cpt-037,Skills39,KV-Competitors,Competitors
Rivas,Demetrius,Ultricies Ligula Corp.,ullamcorper.eu.euismod@nonegestas.edu,Junior,Virginal-Samme,(766) 927-3614,cpt-038,Skills39,KV-Competitors,Competitors
Brewer,Georgia,Ac Industries,tristique.pharetra.Quisque@euarcuMorbi.net,Junior,Rauco,(329) 979-1298,cpt-039,Skills39,KV-Competitors,Competitors
Alexander,Mallory,Ac Urna Associates,Nam@egestas.com,Junior,Kuurne,(888) 337-8127,cpt-040,Skills39,KV-Competitors,Competitors
Bird,Hakeem,Lobortis Mauris Industries,metus@euodio.ca,Junior,Stuttgart,(148) 364-6062,cpt-041,Skills39,KV-Competitors,Competitors
Boyd,MacKensie,Tellus Imperdiet Non PC,lacinia.at@acurnaUt.net,Junior,Stokrooie,(859) 825-5646,cpt-042,Skills39,KV-Competitors,Competitors
Howell,Denise,Aenean Euismod Mauris LLC,Donec.felis.orci@nisimagnased.co.uk,Junior,Blairgowrie,(438) 930-4645,cpt-043,Skills39,KV-Competitors,Competitors
Barnes,Nero,Tincidunt Tempus Inc.,laoreet.lectus.quis@amet.net,Junior,La Roche-sur-Yon,(787) 973-0225,cpt-044,Skills39,KV-Competitors,Competitors
Conrad,Gil,Proin Vel Arcu Consulting,et.nunc@Suspendissetristiqueneque.ca,Junior,Orosei,(263) 398-5273,cpt-045,Skills39,KV-Competitors,Competitors
Foster,Quamar,Vulputate Mauris Sagittis Limited,nostra@Aeneangravidanunc.com,Junior,Canino,(598) 825-2050,cpt-046,Skills39,KV-Competitors,Competitors
Stevenson,Adrienne,Lorem Corporation,Aenean.massa@liberoInteger.org,Junior,Chambord,(656) 192-3566,cpt-047,Skills39,KV-Competitors,Competitors
Martin,Demetria,Elementum Lorem Consulting,diam@risusNunc.org,Junior,Kilsyth,(966) 309-2012,cpt-048,Skills39,KV-Competitors,Competitors
Fowler,Karly,Dictum LLC,est@quistristiqueac.com,Junior,Cañas,(273) 992-1453,cpt-049,Skills39,KV-Competitors,Competitors
Taylor,Fletcher,Purus Gravida Sagittis PC,fermentum.arcu@massarutrummagna.com,Senior,Rohtak,(105) 438-9815,cpt-050,Skills39,KV-Competitors,Competitors
Cervantes,Erich,Mollis Duis Sit LLP,tempor@non.ca,Senior,Mercedes,(732) 750-6191,cpt-051,Skills39,KV-Competitors,Competitors
Sellers,Sybil,Pede Associates,sapien@placeratorci.org,Senior,Castiglione Messer Raimondo,(485) 507-7072,cpt-052,Skills39,KV-Competitors,Competitors
Little,Carter,Nec Inc.,nunc.Quisque@turpisegestas.net,Senior,Donnas,(562) 741-4323,cpt-053,Skills39,KV-Competitors,Competitors
Allison,Mark,Non Corp.,nunc@loremsemperauctor.org,Senior,Rijkevorsel,(319) 763-3810,cpt-054,Skills39,KV-Competitors,Competitors
Harding,Ronan,Massa Industries,tempor.diam@Morbivehicula.net,Senior,Port Glasgow,(977) 392-1265,cpt-055,Skills39,KV-Competitors,Competitors
Cook,Ulysses,Amet Luctus Inc.,est@ut.com,Senior,Dos Hermanas,(180) 933-0001,cpt-056,Skills39,KV-Competitors,Competitors
Clarke,Veda,Molestie Sed Id Ltd,iaculis@felispurus.net,Senior,Lambersart,(564) 154-8109,cpt-057,Skills39,KV-Competitors,Competitors
Walker,Ebony,Ante Ipsum Limited,volutpat.nunc.sit@aliquamadipiscinglacus.net,Senior,Drogenbos,(779) 241-0609,cpt-058,Skills39,KV-Competitors,Competitors
Graves,Winifred,Vel Foundation,eget@quamquisdiam.net,Senior,Cervino,(696) 690-3997,cpt-059,Skills39,KV-Competitors,Competitors
Larsen,Len,Blandit Viverra Donec Company,aliquet.molestie.tellus@Phasellusdapibusquam.net,Senior,Kozhikode,(693) 185-1379,cpt-060,Skills39,KV-Competitors,Competitors
Callahan,Charity,Diam Lorem Auctor LLC,penatibus.et@volutpat.ca,Senior,Strijtem,(595) 907-5888,cpt-061,Skills39,KV-Competitors,Competitors
Santana,Quinlan,Consequat Auctor Nunc Consulting,arcu.Sed.eu@necorci.com,Senior,Bressoux,(837) 936-4523,cpt-062,Skills39,KV-Competitors,Competitors
Oliver,Abraham,Id Erat Institute,ornare@netusetmalesuada.net,Senior,Forlì,(734) 220-2445,cpt-063,Skills39,KV-Competitors,Competitors
Valenzuela,Zachary,Ornare Tortor Inc.,urna@IntegermollisInteger.ca,Senior,Bama,(455) 545-8396,cpt-064,Skills39,KV-Competitors,Competitors
Rodriguez,Garrison,Penatibus Et Magnis Ltd,Mauris@SeddictumProin.ca,Senior,Brescia,(240) 411-7538,cpt-065,Skills39,KV-Competitors,Competitors
Wagner,Cameron,Nisi Cum LLC,libero.lacus.varius@gravidaPraesent.net,Senior,Avadi,(692) 917-6539,cpt-066,Skills39,KV-Competitors,Competitors
Evans,Vance,Ligula Incorporated,porttitor.interdum@amet.com,Senior,Westlock,(932) 294-8705,cpt-067,Skills39,KV-Competitors,Competitors
Schmidt,Isadora,Lobortis Nisi Nibh Inc.,amet.risus@estcongue.com,Senior,Adria,(325) 203-0919,cpt-068,Skills39,KV-Competitors,Competitors
Key,Chiquita,A Purus Duis Corp.,metus.In@loremsitamet.co.uk,Senior,Großpetersdorf,(751) 323-8867,cpt-069,Skills39,KV-Competitors,Competitors
House,Phyllis,Aptent Taciti Sociosqu Industries,Mauris@malesuadavelvenenatis.co.uk,Senior,Allahabad,(191) 665-8009,cpt-070,Skills39,KV-Competitors,Competitors
Vargas,Farrah,Pede Suspendisse Ltd,eu@a.net,Senior,Hawera,(626) 153-5387,cpt-071,Skills39,KV-Competitors,Competitors
Freeman,Merritt,Nisl LLP,vehicula.aliquet@lorem.org,Senior,Regensburg,(612) 516-2427,cpt-072,Skills39,KV-Competitors,Competitors
Bridges,Janna,Id Institute,placerat.augue@metusfacilisislorem.com,Senior,Bo‘lhe,(422) 915-3211,cpt-073,Skills39,KV-Competitors,Competitors
Gill,Ira,Phasellus Libero Mauris Limited,eu.erat@inhendrerit.com,Senior,Gloucester,(885) 160-2340,cpt-074,Skills39,KV-Competitors,Competitors
Martin,Keiko,Velit Associates,metus.In@netus.ca,Senior,Saint-Laurent,(781) 628-0783,cpt-075,Skills39,KV-Competitors,Competitors
Clements,Lucian,Sed Eu Foundation,dolor@leoVivamusnibh.edu,Senior,Acquedolci,(100) 635-3464,cpt-076,Skills39,KV-Competitors,Competitors
Battle,Cody,Felis Nulla Tempor Corp.,ante@dictumultriciesligula.ca,Senior,Duque de Caxias,(787) 653-2980,cpt-077,Skills39,KV-Competitors,Competitors
Carrillo,Tallulah,Convallis Convallis Institute,amet@Integereulacus.edu,Senior,Bard,(463) 370-0661,cpt-078,Skills39,KV-Competitors,Competitors
Moss,Tamara,Ullamcorper Magna Corp.,primis.in.faucibus@orcitincidunt.com,Senior,Saint-Hilarion,(574) 653-7672,cpt-079,Skills39,KV-Competitors,Competitors
Pollard,Ciara,Odio Sagittis Semper Company,Quisque.ac.libero@parturientmontesnascetur.edu,Senior,Wayaux,(941) 740-5517,cpt-080,Skills39,KV-Competitors,Competitors
England,Preston,Aliquam Tincidunt Incorporated,congue@lectusCumsociis.co.uk,Senior,Chimbarongo,(829) 529-9480,cpt-081,Skills39,KV-Competitors,Competitors
Taylor,Victor,Lacus Consulting,neque.Sed.eget@tinciduntvehicula.ca,Senior,Whitby,(512) 663-5762,cpt-082,Skills39,KV-Competitors,Competitors
Ferrell,Belle,Lorem Corp.,arcu@turpisIn.co.uk,Senior,Nasino,(459) 198-8634,cpt-083,Skills39,KV-Competitors,Competitors
Johnston,Darrel,Massa Integer LLC,malesuada.vel.convallis@luctusut.edu,Senior,Colchester,(807) 322-6164,cpt-084,Skills39,KV-Competitors,Competitors
Frederick,Penelope,Vivamus LLC,a.neque@Pellentesque.org,Senior,Tulsa,(919) 907-1267,cpt-085,Skills39,KV-Competitors,Competitors
Robbins,Chandler,Eleifend Non Dapibus Consulting,rhoncus@dis.co.uk,Senior,Siculiana,(421) 757-5674,cpt-086,Skills39,KV-Competitors,Competitors
Meadows,Myra,Risus Industries,ullamcorper.viverra@Fusce.ca,Senior,Monfumo,(766) 247-3951,cpt-087,Skills39,KV-Competitors,Competitors
Bernard,Aaron,Ac Incorporated,Donec@augueporttitorinterdum.ca,Senior,Raurkela,(359) 194-2957,cpt-088,Skills39,KV-Competitors,Competitors
Leon,Tanya,Justo Proin Non Corporation,aptent.taciti@cursus.ca,Senior,Norfolk,(322) 149-0523,cpt-089,Skills39,KV-Competitors,Competitors
Holman,Zenaida,Amet Ante LLP,arcu.Vestibulum@Nunclectuspede.co.uk,Senior,Offenburg,(612) 203-8500,cpt-090,Skills39,KV-Competitors,Competitors
Dillon,Cruz,Nibh Sit LLP,mus.Donec@Cum.edu,Senior,Burnpur,(575) 280-8333,cpt-091,Skills39,KV-Competitors,Competitors
Everett,Edan,Quis Tristique Incorporated,et.lacinia.vitae@lectuspede.org,Senior,Lugnano in Teverina,(729) 724-8947,cpt-092,Skills39,KV-Competitors,Competitors
Vaughan,Amy,Dolor Nulla Semper Institute,ullamcorper.nisl.arcu@Nuncacsem.edu,Senior,Hartlepool,(560) 266-8160,cpt-093,Skills39,KV-Competitors,Competitors
Graves,Jorden,Eu Company,sagittis.Duis@In.com,Senior,Monte Patria,(172) 525-8727,cpt-094,Skills39,KV-Competitors,Competitors
Gibson,Jordan,Erat Vivamus Nisi Corp.,morbi.tristique@magna.edu,Senior,Enschede,(178) 466-2592,cpt-095,Skills39,KV-Competitors,Competitors
Gregory,Norman,Tempor Lorem Company,vulputate@venenatisa.co.uk,Senior,San Gregorio nelle Alpi,(961) 974-7933,cpt-096,Skills39,KV-Competitors,Competitors
Watkins,Upton,Quis Industries,enim@nisinibhlacinia.co.uk,Senior,Delta,(690) 722-3194,cpt-097,Skills39,KV-Competitors,Competitors
Schroeder,Blossom,Ut Consulting,metus@purusin.net,Senior,Introd,(640) 517-6706,cpt-098,Skills39,KV-Competitors,Competitors
Douglas,Breanna,Netus Et Malesuada Inc.,Nam.nulla.magna@dignissimMaecenas.ca,Senior,Masone,(695) 187-0863,cpt-099,Skills39,KV-Competitors,Competitors
Santana,Rina,Pellentesque Massa Lobortis Limited,mollis.lectus.pede@Maurisblanditenim.net,Senior,Slough,(402) 256-8912,cpt-100,Skills39,KV-Competitors,Competitors
Hoover,Astra,Amet Lorem Semper Ltd,fringilla@massaMaurisvestibulum.edu,Senior,Salt Spring Island,(348) 785-1073,cpt-101,Skills39,KV-Competitors,Competitors
Sawyer,Sade,Congue Turpis In LLC,Duis.dignissim.tempor@necmaurisblandit.net,Senior,Gloucester,(688) 126-7092,cpt-102,Skills39,KV-Competitors,Competitors
Stewart,Flynn,Sed Foundation,Praesent.luctus@a.org,Senior,Nives,(831) 803-1918,cpt-103,Skills39,KV-Competitors,Competitors
Mcguire,Madison,Mauris Elit Associates,et.magnis.dis@nequeIn.org,Senior,Bleid,(481) 495-9506,cpt-104,Skills39,KV-Competitors,Competitors
Dyer,Merritt,Molestie Associates,ante.dictum.mi@lorem.co.uk,Senior,Argyle,(779) 306-5768,cpt-105,Skills39,KV-Competitors,Competitors
Fitzgerald,Ora,Mauris Limited,ante@arcu.ca,Senior,Mühlheim am Main,(148) 850-3170,cpt-106,Skills39,KV-Competitors,Competitors
House,Ronan,Cras Eu Tellus Incorporated,magna@NullainterdumCurabitur.com,Senior,Berwick-upon-Tweed,(292) 772-2342,cpt-107,Skills39,KV-Competitors,Competitors
Leonard,Grace,Sed Nulla Ltd,facilisis.lorem@justonecante.edu,Senior,Canoas,(220) 795-1870,cpt-108,Skills39,KV-Competitors,Competitors
Hutchinson,Haviva,Cum Sociis Inc.,cursus@egestasSedpharetra.edu,Senior,Westlock,(173) 683-6724,cpt-109,Skills39,KV-Competitors,Competitors
Rocha,Kieran,Rutrum Eu Ultrices Incorporated,vel@velitPellentesqueultricies.com,Senior,Longvilly,(857) 567-0926,cpt-110,Skills39,KV-Competitors,Competitors
Mueller,Arthur,Magna Malesuada Vel Institute,dictum.magna@nisiAeneaneget.co.uk,Senior,Contagem,(506) 860-1439,cpt-111,Skills39,KV-Competitors,Competitors
Kennedy,Alfreda,Convallis Dolor Corporation,mauris.erat@semelit.net,Senior,Río Negro,(898) 480-7235,cpt-112,Skills39,KV-Competitors,Competitors
Mills,Julie,Dui Lectus LLC,feugiat@sociosquad.edu,Senior,Kinrooi,(279) 164-6124,cpt-113,Skills39,KV-Competitors,Competitors
Holloway,Virginia,Faucibus Orci LLP,quam.dignissim.pharetra@ProinvelitSed.net,Senior,Marlborough,(449) 947-4172,cpt-114,Skills39,KV-Competitors,Competitors
Greene,Haviva,Nec Company,ut.quam@purussapien.net,Senior,Obertshausen,(483) 472-9249,cpt-115,Skills39,KV-Competitors,Competitors
Ray,Vivian,Ad Litora Torquent Foundation,id.risus.quis@orci.org,Senior,Roio del Sangro,(691) 133-2568,cpt-116,Skills39,KV-Competitors,Competitors
Crosby,David,Curabitur Egestas Nunc Ltd,egestas@orci.net,Senior,Sonipat,(239) 150-8359,cpt-117,Skills39,KV-Competitors,Competitors
Mcconnell,Valentine,Dolor Consulting,augue.malesuada@auctorvelitAliquam.com,Senior,Broxburn,(129) 469-7166,cpt-118,Skills39,KV-Competitors,Competitors
King,Kyle,Sed Leo Industries,commodo.tincidunt@consequatenim.co.uk,Senior,Maullín,(976) 819-3416,cpt-119,Skills39,KV-Competitors,Competitors
Wright,Judah,Erat Eget Corporation,libero@Crassed.edu,Senior,Bally,(112) 658-2657,cpt-120,Skills39,KV-Competitors,Competitors
Hale,Graham,Non Ante Company,diam.Sed@Fuscemilorem.ca,Senior,Itanagar,(321) 391-2262,cpt-121,Skills39,KV-Competitors,Competitors
Ochoa,Dennis,Nullam Enim Sed PC,Sed@Praesentinterdumligula.co.uk,Senior,Fossato di Vico,(866) 475-8782,cpt-122,Skills39,KV-Competitors,Competitors
Berger,Noble,Non Luctus Sit Limited,massa.lobortis.ultrices@Morbiquis.net,Senior,Dordrecht,(508) 538-6489,cpt-123,Skills39,KV-Competitors,Competitors
Marks,Xavier,Euismod Est Company,risus.a@erat.org,Senior,Motta Camastra,(992) 776-8609,cpt-124,Skills39,KV-Competitors,Competitors
Lindsay,Dean,Enim Non Nisi Consulting,porttitor.scelerisque@telluslorem.co.uk,Senior,Valcourt,(244) 355-6441,cpt-125,Skills39,KV-Competitors,Competitors
Sims,Lester,Quam Institute,Lorem.ipsum@Proinnon.net,Senior,Windermere,(348) 350-0384,cpt-126,Skills39,KV-Competitors,Competitors
Thompson,Chloe,Diam Eu Limited,facilisi@velit.org,Senior,Thunder Bay,(806) 866-6212,cpt-127,Skills39,KV-Competitors,Competitors
Richard,MacKensie,Enim LLP,dapibus.gravida@dolor.org,Senior,Milford Haven,(188) 351-3866,cpt-128,Skills39,KV-Competitors,Competitors
Levine,Scott,Dolor Foundation,non@dictum.ca,Senior,Sousa,(424) 196-2681,cpt-129,Skills39,KV-Competitors,Competitors
Whitfield,Uta,Eu Company,laoreet.libero.et@dolorFusce.edu,Senior,Jhang,(195) 662-9483,cpt-130,Skills39,KV-Competitors,Competitors
England,Isaac,Curabitur Vel Lectus LLC,nisi.nibh.lacinia@Phasellus.net,Senior,Heestert,(882) 337-5432,cpt-131,Skills39,KV-Competitors,Competitors
Johns,Sonya,Non Limited,nibh@miDuis.org,Senior,Trazegnies,(269) 600-7552,cpt-132,Skills39,KV-Competitors,Competitors
Byrd,Rylee,Mus Proin LLP,magna.tellus.faucibus@diamnuncullamcorper.net,Senior,Geertruidenberg,(458) 421-3098,cpt-133,Skills39,KV-Competitors,Competitors
Reed,Barry,Nulla Semper Tellus PC,Donec@dignissimtempor.com,Senior,Sainte-Marie-sur-Semois,(880) 487-6562,cpt-134,Skills39,KV-Competitors,Competitors
Tucker,Cora,Sodales Elit Erat PC,neque@ligulatortordictum.com,Senior,North Vancouver,(716) 164-4586,cpt-135,Skills39,KV-Competitors,Competitors
Lindsey,Vera,Mauris Ut Corporation,neque.Sed@nisi.net,Senior,Vitacura,(415) 790-7575,cpt-136,Skills39,KV-Competitors,Competitors
Lawrence,Ima,Et Malesuada Fames Inc.,eu.placerat@anteVivamus.ca,Senior,Heusden,(610) 951-2032,cpt-137,Skills39,KV-Competitors,Competitors
Wyatt,Xavier,Eu Elit Nulla LLP,ac.fermentum@risusat.co.uk,Senior,Rhisnes,(131) 914-0741,cpt-138,Skills39,KV-Competitors,Competitors
Craig,Maris,Auctor Quis Tristique Company,eget.magna.Suspendisse@enim.edu,Senior,Carson City,(711) 579-9608,cpt-139,Skills39,KV-Competitors,Competitors
Riggs,Maxine,Massa LLC,ligula@semper.com,Senior,Maastricht,(543) 137-8238,cpt-140,Skills39,KV-Competitors,Competitors
Browning,Naida,Amet Industries,elit@ipsumdolor.ca,Senior,Paignton,(300) 416-1879,cpt-141,Skills39,KV-Competitors,Competitors
Short,Quail,Mus Company,Proin.vel@amet.ca,Senior,Oban,(357) 117-6538,cpt-142,Skills39,KV-Competitors,Competitors
Zimmerman,Macon,Mi Limited,neque.Nullam.ut@turpis.org,Senior,Kozan,(435) 904-1513,cpt-143,Skills39,KV-Competitors,Competitors
Wilkerson,Ima,Libero Mauris Aliquam Ltd,elit@adipiscing.com,Senior,Tirúa,(475) 776-7488,cpt-144,Skills39,KV-Competitors,Competitors
Mccarty,Anthony,In Faucibus Morbi LLP,ac.facilisis@magnisdis.ca,Senior,Mango,(372) 901-8358,cpt-145,Skills39,KV-Competitors,Competitors
Beasley,Imelda,Tortor Dictum Company,turpis@acturpis.net,Senior,Casalvieri,(120) 900-1097,cpt-146,Skills39,KV-Competitors,Competitors
Larsen,Orson,Orci Luctus Industries,laoreet.posuere.enim@quam.edu,Senior,Hamm,(763) 600-7593,cpt-147,Skills39,KV-Competitors,Competitors
Rojas,Rylee,Nec Associates,aliquet.molestie@Suspendisse.com,Senior,Merbes-le-Ch‰teau,(431) 877-5586,cpt-148,Skills39,KV-Competitors,Competitors
Harrell,Latifah,Ornare Egestas Ligula Consulting,Nam@orci.net,Senior,Farrukhabad-cum-Fatehgarh,(311) 315-0599,cpt-149,Skills39,KV-Competitors,Competitors
Park,Tanya,Pulvinar Arcu Et Ltd,sapien.Nunc.pulvinar@id.co.uk,Senior,Oranienburg,(726) 786-7128,cpt-150,Skills39,KV-Competitors,Competitors
Heath,Jolie,Euismod Urna Nullam Industries,Nam.porttitor@necluctusfelis.ca,Senior,Hassan,(989) 731-2177,cpt-151,Skills39,KV-Competitors,Competitors
Harding,Hakeem,Amet Associates,enim@erosturpisnon.com,Senior,Alto Hospicio,(376) 598-6166,cpt-152,Skills39,KV-Competitors,Competitors
Beard,Meredith,Curabitur Dictum Phasellus Company,sed.dui@parturient.ca,Senior,Paraíso,(197) 761-5018,cpt-153,Skills39,KV-Competitors,Competitors
Young,Rana,Sit Amet Institute,Integer.vulputate.risus@laciniamattisInteger.net,Senior,Sabadell,(855) 717-7877,cpt-154,Skills39,KV-Competitors,Competitors
Hart,Nolan,Vulputate Corporation,ac@eueratsemper.ca,Senior,Mendonk,(686) 654-6484,cpt-155,Skills39,KV-Competitors,Competitors
Buchanan,Ulla,Sit Amet Consectetuer LLP,leo.in@ipsumcursusvestibulum.org,Senior,Chambord,(386) 674-0020,cpt-156,Skills39,KV-Competitors,Competitors
Morris,Lareina,Justo Proin Non Corporation,accumsan.laoreet.ipsum@eudui.ca,Senior,Berlare,(967) 253-2588,cpt-157,Skills39,KV-Competitors,Competitors
Crosby,Aspen,Non Institute,sit@quam.com,Senior,Bergeggi,(670) 703-1454,cpt-158,Skills39,KV-Competitors,Competitors
Clarke,Azalia,Ipsum Dolor Sit Associates,nibh@necmetus.ca,Senior,Tiruvottiyur,(777) 510-3632,cpt-159,Skills39,KV-Competitors,Competitors
Todd,Boris,Dui Semper Et Company,odio.a.purus@vitaenibh.ca,Senior,Lozzo Atestino,(977) 812-2185,cpt-160,Skills39,KV-Competitors,Competitors
Sandoval,Noel,Quisque Fringilla Company,fermentum.convallis@massaMaurisvestibulum.org,Senior,Hyderabad,(473) 817-0211,cpt-161,Skills39,KV-Competitors,Competitors
Mercado,Emery,Proin Vel Limited,odio@pretiumetrutrum.co.uk,Senior,Nieuwegein,(246) 312-1642,cpt-162,Skills39,KV-Competitors,Competitors
Simmons,Mari,Ut Inc.,neque@gravidasagittisDuis.net,Senior,Los Vilos,(695) 966-2576,cpt-163,Skills39,KV-Competitors,Competitors
Moreno,Cassady,Enim Etiam Gravida Corp.,Integer.aliquam.adipiscing@egetmagnaSuspendisse.org,Senior,Tontelange,(967) 628-3457,cpt-164,Skills39,KV-Competitors,Competitors
Cortez,Magee,Dis Parturient Corporation,et@leoin.net,Senior,Santa María,(583) 722-2785,cpt-165,Skills39,KV-Competitors,Competitors
Mayo,Mercedes,Condimentum Eget Volutpat Associates,erat.Etiam.vestibulum@ipsumdolor.ca,Senior,Ruddervoorde,(628) 862-0026,cpt-166,Skills39,KV-Competitors,Competitors
Boyd,Phelan,Quis Tristique Ac Foundation,commodo.ipsum@purus.com,Senior,Guntur,(216) 303-4544,cpt-167,Skills39,KV-Competitors,Competitors
Johnson,Lana,Urna Nunc Quis Corporation,libero@Suspendisse.com,Senior,Saint-Pierre,(875) 153-5898,cpt-168,Skills39,KV-Competitors,Competitors
Duncan,Dara,Tellus Imperdiet Non Institute,risus@tortor.ca,Senior,South Burlington,(923) 160-0910,cpt-169,Skills39,KV-Competitors,Competitors
Lowery,Ann,Elit Fermentum Risus Corp.,lacus.Cras@dui.com,Senior,Raichur,(406) 874-0052,cpt-170,Skills39,KV-Competitors,Competitors
Key,Ignacia,Ut Erat Sed Incorporated,at@Sed.org,Senior,Eghezee,(759) 949-4564,cpt-171,Skills39,KV-Competitors,Competitors
Ramsey,Jocelyn,Proin Consulting,eu@malesuada.org,Senior,Posina,(227) 853-1623,cpt-172,Skills39,KV-Competitors,Competitors
Sandoval,Paul,Eu Placerat Eget LLP,nisi.Aenean@faucibusidlibero.co.uk,Senior,Bremerhaven,(906) 187-0522,cpt-173,Skills39,KV-Competitors,Competitors
King,Kelsie,Magna Et Ipsum Institute,Donec.vitae@fermentumarcu.net,Senior,Ruthin,(933) 126-0314,cpt-174,Skills39,KV-Competitors,Competitors
Ray,Lunea,Quis Company,consequat@metusIn.edu,Senior,E?k,(262) 845-5751,cpt-175,Skills39,KV-Competitors,Competitors
Leach,Troy,Lectus Nullam Corporation,ante.bibendum@Phasellusataugue.com,Senior,Toru?,(885) 695-4531,cpt-176,Skills39,KV-Competitors,Competitors
Ingram,Hedda,Class Industries,eu@tellusSuspendissesed.ca,Senior,Geel,(102) 902-7202,cpt-177,Skills39,KV-Competitors,Competitors
Green,Kelsie,Sem Consequat Nec LLP,Ut.nec@nisiAenean.org,Senior,Chillán,(326) 211-2401,cpt-178,Skills39,KV-Competitors,Competitors
Carroll,Peter,Et Lacinia Vitae LLC,sodales.at@nuncQuisque.com,Senior,Galmaarden,(706) 148-2876,cpt-179,Skills39,KV-Competitors,Competitors
David,Jakeem,Interdum LLC,lorem.ac@metusInlorem.ca,Senior,Toernich,(905) 296-4034,cpt-180,Skills39,KV-Competitors,Competitors
Farley,Dane,Aliquam Vulputate Limited,magna.Nam.ligula@ipsum.co.uk,Senior,Okara,(559) 160-5081,cpt-181,Skills39,KV-Competitors,Competitors
Knapp,Remedios,Tristique Corporation,nec.leo@lacinia.edu,Senior,Zierikzee,(969) 845-0544,cpt-182,Skills39,KV-Competitors,Competitors
Salinas,Gay,Mi Tempor Industries,in.consequat.enim@justo.co.uk,Senior,Jerez de la Frontera,(272) 467-4904,cpt-183,Skills39,KV-Competitors,Competitors
Ortiz,Quinlan,Nec Consulting,sit.amet@Aenean.edu,Senior,Wismar,(656) 216-5324,cpt-184,Skills39,KV-Competitors,Competitors
Case,Conan,Suspendisse Industries,Donec.nibh@nisiMauris.ca,Senior,Caldarola,(751) 498-6105,cpt-185,Skills39,KV-Competitors,Competitors
Petersen,Kareem,Penatibus Et Consulting,Nulla.aliquet@idmagnaet.net,Senior,Asansol,(658) 895-3861,cpt-186,Skills39,KV-Competitors,Competitors
Nash,Caryn,Accumsan Interdum Company,dis.parturient@Sednunc.net,Senior,Massa e Cozzile,(295) 461-3837,cpt-187,Skills39,KV-Competitors,Competitors
Leon,Quemby,Eu LLP,sapien@justoeuarcu.edu,Senior,Radom,(827) 993-3582,cpt-188,Skills39,KV-Competitors,Competitors
Finch,Hayes,A Inc.,Vivamus.molestie@Maecenas.com,Senior,Dos Hermanas,(176) 446-7856,cpt-189,Skills39,KV-Competitors,Competitors
Noel,Sybil,Dictum Limited,Ut@vitaeposuere.net,Senior,Monceau-sur-Sambre,(974) 422-6873,cpt-190,Skills39,KV-Competitors,Competitors
Leach,Charissa,Mi Lorem Vehicula Inc.,at@ametmassa.com,Senior,Dumfries,(958) 533-7244,cpt-191,Skills39,KV-Competitors,Competitors
Marquez,Cade,Mi Incorporated,iaculis@ipsumCurabiturconsequat.co.uk,Senior,Chichester,(923) 621-9198,cpt-192,Skills39,KV-Competitors,Competitors
Roth,Aquila,Sodales Mauris Blandit Company,a@Nullamlobortis.edu,Senior,Flint,(246) 481-4530,cpt-193,Skills39,KV-Competitors,Competitors
Sweeney,Amethyst,Lorem LLP,vel@tristiquesenectuset.ca,Senior,Chile Chico,(752) 421-3276,cpt-194,Skills39,KV-Competitors,Competitors
Barnes,Bert,Fringilla Cursus LLP,Curabitur@liberoProin.com,Senior,Ham-sur-Heure,(185) 418-7629,cpt-195,Skills39,KV-Competitors,Competitors
Benjamin,Lance,Est Ac Industries,vulputate@Sed.edu,Senior,Filignano,(747) 562-6566,cpt-196,Skills39,KV-Competitors,Competitors
Barton,Myra,Enim Nec Tempus Consulting,sapien.gravida@Suspendissenon.ca,Senior,Izel,(529) 176-8770,cpt-197,Skills39,KV-Competitors,Competitors
Adkins,Isaac,Duis Ac Arcu Associates,odio.a.purus@auctorquis.net,Senior,Bahawalnagar,(849) 321-2032,cpt-198,Skills39,KV-Competitors,Competitors
Tanner,Quin,Magnis Corporation,nisl@venenatisvelfaucibus.org,Senior,Pessac,(805) 792-8956,cpt-199,Skills39,KV-Competitors,Competitors
Stewart,Carlos,Et Ltd,augue.Sed.molestie@ipsumSuspendisse.net,Senior,Lawton,(453) 850-7717,cpt-200,Skills39,KV-Competitors,Competitors
Bradley,Jack,Vitae Sodales Nisi Corporation,lobortis.Class@tinciduntcongueturpis.net,Senior,Sint-Pieters-Woluwe,(172) 664-6773,cpt-201,Skills39,KV-Competitors,Competitors
Clemons,Tallulah,Curabitur Vel Limited,enim@facilisis.net,Senior,Colledimacine,(194) 801-0316,cpt-202,Skills39,KV-Competitors,Competitors
Hale,Wyoming,Cursus Purus Nullam Institute,consectetuer.rhoncus@velitCraslorem.edu,Senior,Río Negro,(480) 449-6204,cpt-203,Skills39,KV-Competitors,Competitors
Walton,Stuart,Sapien Limited,In.scelerisque@egestas.com,Senior,Levin,(171) 651-2040,cpt-204,Skills39,KV-Competitors,Competitors
Waller,Kylie,Nulla Vulputate Dui Corp.,bibendum.ullamcorper@pulvinararcuet.ca,Senior,Vollezele,(215) 162-5050,cpt-205,Skills39,KV-Competitors,Competitors
Skinner,Tatiana,Odio PC,nec@Quisqueimperdieterat.com,Senior,Cambridge,(291) 333-3962,cpt-206,Skills39,KV-Competitors,Competitors
Mccarty,Kenyon,Sed Sem Egestas Corp.,eu.accumsan@consequat.com,Senior,Bottrop,(627) 215-0539,cpt-207,Skills39,KV-Competitors,Competitors
Higgins,Kimberly,Et Ipsum Cursus LLC,vitae@mauriserateget.org,Senior,Anderlues,(168) 554-2212,cpt-208,Skills39,KV-Competitors,Competitors
Pitts,Deanna,Tellus Inc.,auctor@et.com,Senior,Cardiff,(354) 909-2280,cpt-209,Skills39,KV-Competitors,Competitors
Kent,Isaiah,At Fringilla Incorporated,mollis.vitae.posuere@orciquis.org,Senior,Lörrach,(955) 887-6114,cpt-210,Skills39,KV-Competitors,Competitors
Mendez,Carol,Cras Industries,rhoncus.Nullam.velit@Donec.com,Senior,Laakirchen,(339) 136-1630,cpt-211,Skills39,KV-Competitors,Competitors
Travis,Julie,Libero At Auctor Institute,semper@gravidaAliquamtincidunt.com,Senior,Labro,(530) 688-8976,cpt-212,Skills39,KV-Competitors,Competitors
Bentley,Paloma,Eu Accumsan LLP,malesuada.augue@molestie.co.uk,Senior,Pedace,(272) 837-9243,cpt-213,Skills39,KV-Competitors,Competitors
Lindsey,Jesse,Et Magna Praesent Industries,in@Nullamsuscipitest.co.uk,Senior,Wiesbaden,(312) 724-4395,cpt-214,Skills39,KV-Competitors,Competitors
Greene,Scarlett,Phasellus Dapibus Corp.,ipsum.dolor@consectetuer.co.uk,Senior,Nancagua,(412) 533-9181,cpt-215,Skills39,KV-Competitors,Competitors
Mcdonald,Chloe,Nam Nulla Magna LLP,lacinia.vitae@faucibus.org,Senior,Putignano,(849) 990-4464,cpt-216,Skills39,KV-Competitors,Competitors
Cannon,Candice,Mauris Integer Sem Corp.,fermentum.fermentum@In.ca,Senior,Ville-en-Hesbaye,(754) 835-0262,cpt-217,Skills39,KV-Competitors,Competitors
Christensen,Belle,Hendrerit Consectetuer Foundation,eget@Phasellusliberomauris.net,Senior,King's Lynn,(715) 238-5032,cpt-218,Skills39,KV-Competitors,Competitors
Malone,Jared,At Arcu Vestibulum LLC,sagittis@in.edu,Senior,Pelarco,(438) 962-7636,cpt-219,Skills39,KV-Competitors,Competitors
Sawyer,Philip,Diam Sed Corporation,sed.pede.Cum@Sedpharetrafelis.net,Senior,Trois-Rivières,(548) 899-5434,cpt-220,Skills39,KV-Competitors,Competitors
Strong,Jade,Cursus A Industries,dolor.dolor.tempus@ipsumPhasellus.com,Senior,Zedelgem,(644) 125-3708,cpt-221,Skills39,KV-Competitors,Competitors
Saunders,Gabriel,Dui Fusce Foundation,scelerisque.lorem.ipsum@IntegerurnaVivamus.org,Senior,San Rafael,(450) 739-1122,cpt-222,Skills39,KV-Competitors,Competitors
Austin,Kevin,Ut Erat PC,orci@Maecenas.co.uk,Senior,Elbl?g,(281) 328-9607,cpt-223,Skills39,KV-Competitors,Competitors
Huber,Tobias,Libero Nec Ligula Inc.,mauris@aliquetlibero.co.uk,Senior,Cambrai,(648) 883-2026,cpt-224,Skills39,KV-Competitors,Competitors
Kinney,Dara,Eget Institute,Quisque.libero@ametdapibus.com,Senior,Tielen,(853) 635-2598,cpt-225,Skills39,KV-Competitors,Competitors
Pope,Christine,Ac Fermentum Company,neque@inconsectetueripsum.org,Senior,Curacaví,(248) 532-6306,cpt-226,Skills39,KV-Competitors,Competitors
Durham,Rowan,Curabitur Dictum Company,arcu.iaculis@Maurisnon.co.uk,Senior,Romano d'Ezzelino,(839) 192-0379,cpt-227,Skills39,KV-Competitors,Competitors
Gallegos,Ariana,Ligula Institute,Donec.dignissim@Proinvelit.edu,Senior,Vaulx-lez-Chimay,(314) 912-1720,cpt-228,Skills39,KV-Competitors,Competitors
Rosales,Hayfa,Lectus Ltd,aliquet.metus@sitamet.co.uk,Senior,Morrinsville,(803) 426-8373,cpt-229,Skills39,KV-Competitors,Competitors
Stanton,Idola,Consequat Nec LLP,netus.et.malesuada@dolorquamelementum.co.uk,Senior,Toru?,(203) 202-6661,cpt-230,Skills39,KV-Competitors,Competitors
Sloan,Jameson,At Ltd,ridiculus.mus.Proin@cursusaenim.com,Senior,Junagadh,(101) 426-0296,cpt-231,Skills39,KV-Competitors,Competitors
Hogan,Kane,Lectus Pede Et Associates,Integer@musProinvel.edu,Senior,Sagrada Familia,(291) 557-0916,cpt-232,Skills39,KV-Competitors,Competitors
Pearson,Marshall,Augue Porttitor Corporation,ipsum.primis@sitametorci.ca,Senior,Niort,(655) 256-7641,cpt-233,Skills39,KV-Competitors,Competitors
Hopper,Jesse,Integer Id Company,interdum.ligula.eu@facilisisnon.edu,Senior,San Felipe,(671) 171-9151,cpt-234,Skills39,KV-Competitors,Competitors
Buck,Lev,Rhoncus Incorporated,pellentesque@scelerisqueneque.com,Senior,La Rochelle,(619) 344-1224,cpt-235,Skills39,KV-Competitors,Competitors
Hyde,Calvin,Tellus Lorem Associates,tempus.scelerisque@velnisl.ca,Senior,Farrukhabad-cum-Fatehgarh,(404) 417-6643,cpt-236,Skills39,KV-Competitors,Competitors
Rich,Ann,Conubia Nostra Per Institute,Proin.ultrices@nonlaciniaat.edu,Senior,Dindigul,(386) 744-1846,cpt-237,Skills39,KV-Competitors,Competitors
Good,Jonah,Molestie Tellus Aenean Industries,ac.ipsum@venenatislacusEtiam.edu,Senior,Arsimont,(573) 124-8613,cpt-238,Skills39,KV-Competitors,Competitors
Myers,Solomon,Vivamus Ltd,egestas.a@montesnasceturridiculus.net,Senior,Lüneburg,(336) 550-8463,cpt-239,Skills39,KV-Competitors,Competitors
Rose,Maya,Ipsum Primis In LLC,et@vel.com,Senior,Ancud,(769) 646-0942,cpt-240,Skills39,KV-Competitors,Competitors
Cash,Karyn,Metus LLC,vulputate.risus.a@magna.ca,Senior,Panjim,(656) 624-5072,cpt-241,Skills39,KV-Competitors,Competitors
Contreras,Rowan,Pede Cras Associates,dui.Fusce.diam@vehicula.net,Senior,Erdemli,(335) 254-2479,cpt-242,Skills39,KV-Competitors,Competitors
Bartlett,Kyra,Ac Turpis Egestas LLC,vel@temporarcuVestibulum.co.uk,Senior,Nijkerk,(909) 417-7835,cpt-243,Skills39,KV-Competitors,Competitors
Mendoza,Nyssa,Non Limited,Integer.urna@aliquetProin.net,Senior,Armidale,(513) 672-0480,cpt-244,Skills39,KV-Competitors,Competitors
Watkins,Laith,Mauris Integer Sem Limited,Aliquam.ultrices.iaculis@maurisaliquam.org,Senior,Cervinara,(838) 198-2450,cpt-245,Skills39,KV-Competitors,Competitors
Davis,Alexa,Non Lacinia Incorporated,magna@pellentesqueegetdictum.org,Senior,Zielona Góra,(693) 753-6873,cpt-246,Skills39,KV-Competitors,Competitors
Jimenez,Hilel,Tincidunt Associates,a.felis.ullamcorper@Curae.com,Senior,Samsun,(271) 140-9471,cpt-247,Skills39,KV-Competitors,Competitors
Blackwell,Basil,Sit LLC,Donec.egestas.Duis@eget.net,Senior,Aiseau-Presles,(563) 761-9166,cpt-248,Skills39,KV-Competitors,Competitors
Higgins,Noelani,Dapibus Industries,convallis.est.vitae@Suspendisse.co.uk,Senior,Cerro Navia,(693) 731-3792,cpt-249,Skills39,KV-Competitors,Competitors
Salinas,Timon,A Enim Suspendisse LLP,ac.turpis.egestas@dictumultriciesligula.ca,Senior,Mold,(859) 750-7950,cpt-250,Skills39,KV-Competitors,Competitors
Bauer,Cora,Amet Foundation,enim@nuncid.edu,Senior,Sapele,(616) 483-5974,cpt-251,Skills39,KV-Competitors,Competitors
Key,Gemma,Posuere PC,ligula.Donec@cursus.co.uk,Senior,Mombaruzzo,(551) 326-0077,cpt-252,Skills39,KV-Competitors,Competitors
Faulkner,Malik,Scelerisque Company,bibendum.ullamcorper.Duis@Donec.org,Senior,Cholet,(354) 108-2744,cpt-253,Skills39,KV-Competitors,Competitors
Curtis,Haley,Massa Institute,tortor.nibh.sit@metusIn.com,Senior,Tarsus,(254) 119-1961,cpt-254,Skills39,KV-Competitors,Competitors
Boyle,Demetrius,Elit LLP,fringilla.est.Mauris@volutpatNulla.net,Senior,Béziers,(348) 186-8673,cpt-255,Skills39,KV-Competitors,Competitors
Bean,Francis,Dignissim Lacus Aliquam Industries,et.rutrum@iaculisneceleifend.com,Senior,Ancona,(963) 495-6333,cpt-256,Skills39,KV-Competitors,Competitors
Ferrell,Hu,Malesuada Id LLC,Mauris.nulla.Integer@anteNunc.net,Senior,Hamilton,(224) 711-2413,cpt-257,Skills39,KV-Competitors,Competitors
Oconnor,Alexis,Magna Nam Corporation,Nulla.aliquet@antebibendum.org,Senior,Cartagena,(875) 290-8126,cpt-258,Skills39,KV-Competitors,Competitors
Goodman,Graiden,Fermentum Metus Aenean LLC,semper@risus.co.uk,Senior,Anchorage,(123) 338-6998,cpt-259,Skills39,KV-Competitors,Competitors
Hancock,Jenna,Lobortis Quam Company,rutrum@sit.co.uk,Senior,Hamoir,(651) 303-6330,cpt-260,Skills39,KV-Competitors,Competitors
Short,Geraldine,Vitae Risus PC,sagittis@tinciduntnibhPhasellus.ca,Senior,Sant'Angelo a Fasanella,(531) 281-4110,cpt-261,Skills39,KV-Competitors,Competitors
Tran,Abdul,Vestibulum Incorporated,primis.in@interdumlibero.org,Senior,Bekegem,(273) 115-0240,cpt-262,Skills39,KV-Competitors,Competitors
Munoz,Sage,Fermentum Fermentum Arcu Ltd,dis.parturient@augueporttitorinterdum.co.uk,Senior,Valbrevenna,(848) 253-6203,cpt-263,Skills39,KV-Competitors,Competitors
Beasley,Carly,Ut Inc.,Nam@odiotristiquepharetra.co.uk,Senior,Acciano,(432) 569-8811,cpt-264,Skills39,KV-Competitors,Competitors
Cunningham,Amos,Magnis Dis PC,dis@auctorquistristique.ca,Senior,Spijkenisse,(687) 295-8689,cpt-265,Skills39,KV-Competitors,Competitors
Castaneda,Kevin,Vulputate Mauris Sagittis Corp.,Cum.sociis@orci.ca,Senior,Puyehue,(993) 349-7184,cpt-266,Skills39,KV-Competitors,Competitors
Valenzuela,Xerxes,Gravida Nunc LLC,Quisque.purus@aliquetPhasellus.edu,Senior,Poggiodomo,(834) 381-3629,cpt-267,Skills39,KV-Competitors,Competitors
Flores,Dale,Ligula Incorporated,ornare.elit@atpretium.com,Senior,Arzano,(958) 840-4357,cpt-268,Skills39,KV-Competitors,Competitors
Hoover,Talon,Nibh Lacinia Inc.,vitae@iderat.edu,Senior,Santa Marina,(426) 180-7886,cpt-269,Skills39,KV-Competitors,Competitors
Mclean,Jillian,Volutpat Nunc Institute,turpis@diamdictum.org,Senior,Sambreville,(194) 623-1851,cpt-270,Skills39,KV-Competitors,Competitors
Estrada,Idola,Sed Dolor LLC,urna@nondapibusrutrum.co.uk,Senior,Haarlem,(548) 833-1215,cpt-271,Skills39,KV-Competitors,Competitors
Barron,Sopoline,Bibendum Donec Inc.,risus.Duis.a@nequeet.net,Senior,Kingussie,(654) 891-0410,cpt-272,Skills39,KV-Competitors,Competitors
Ballard,Emmanuel,Amet Consectetuer Adipiscing LLC,ornare@Vestibulum.ca,Senior,Follina,(736) 493-5096,cpt-273,Skills39,KV-Competitors,Competitors
Hurley,Nelle,Magna Duis Dignissim Institute,metus.vitae.velit@posuere.com,Senior,Anklam,(555) 689-7278,cpt-274,Skills39,KV-Competitors,Competitors
Davenport,Ainsley,Justo Eu Arcu Company,eu@augueid.ca,Senior,Hampstead,(637) 504-5319,cpt-275,Skills39,KV-Competitors,Competitors
Baldwin,Nicholas,Fringilla Est Mauris Limited,mattis.Integer@tincidunt.com,Senior,Santo Domingo,(478) 507-7130,cpt-276,Skills39,KV-Competitors,Competitors
Atkins,Asher,Facilisis LLC,Suspendisse.commodo@doloregestas.edu,Senior,Morgex,(244) 702-9359,cpt-277,Skills39,KV-Competitors,Competitors
Farmer,Brock,Sed Corporation,Nam@pedenonummyut.co.uk,Senior,Obaix,(836) 653-4472,cpt-278,Skills39,KV-Competitors,Competitors
Burch,Porter,Duis Dignissim Tempor LLP,malesuada@rhoncus.co.uk,Senior,Dorchester,(531) 356-1600,cpt-279,Skills39,KV-Competitors,Competitors
Slater,Nathaniel,Maecenas Ornare Egestas Associates,feugiat.Sed@justo.com,Senior,Iqaluit,(570) 646-9293,cpt-280,Skills39,KV-Competitors,Competitors
Morrison,Serena,Enim Company,est.Nunc.laoreet@ridiculus.ca,Senior,Ludwigsburg,(883) 497-1509,cpt-281,Skills39,KV-Competitors,Competitors
Lynn,Alisa,A Felis Ullamcorper Industries,molestie@Aenean.com,Senior,Staßfurt,(277) 982-1236,cpt-282,Skills39,KV-Competitors,Competitors
Mejia,Gillian,Diam Pellentesque Habitant Foundation,cursus.et@eu.co.uk,Senior,Blevio,(796) 562-0900,cpt-283,Skills39,KV-Competitors,Competitors
Franks,Jarrod,Lobortis Nisi LLP,vel@Nunc.net,Senior,Mandurah,(367) 575-1660,cpt-284,Skills39,KV-Competitors,Competitors
Lee,Ava,Aenean Eget Limited,pellentesque@Donecdignissim.org,Senior,Karnal,(382) 179-4113,cpt-285,Skills39,KV-Competitors,Competitors
Wynn,Venus,Lobortis Corporation,nonummy@aliquetProin.edu,Senior,Comeglians,(706) 365-0606,cpt-286,Skills39,KV-Competitors,Competitors
Fowler,Unity,Vestibulum LLP,neque.Sed.eget@auctorullamcorper.co.uk,Senior,Saint-Quentin,(730) 391-4217,cpt-287,Skills39,KV-Competitors,Competitors
Rocha,Leila,Est Limited,ipsum.non@semper.edu,Senior,Casole d'Elsa,(995) 997-3420,cpt-288,Skills39,KV-Competitors,Competitors
Golden,Urielle,Orci Phasellus LLC,dolor.egestas.rhoncus@enimMaurisquis.com,Senior,Aurora,(899) 820-5678,cpt-289,Skills39,KV-Competitors,Competitors
Hancock,Derek,Amet Metus Aliquam Consulting,magna.a@tempor.com,Senior,Tübingen,(786) 983-9085,cpt-290,Skills39,KV-Competitors,Competitors
Maxwell,Fritz,Id Corporation,semper@adipiscingelitAliquam.org,Senior,Pumanque,(286) 397-8334,cpt-291,Skills39,KV-Competitors,Competitors
Trevino,Rebekah,Ante Blandit Inc.,massa.non@aliquet.org,Senior,Blaenau Ffestiniog,(776) 249-6158,cpt-292,Skills39,KV-Competitors,Competitors
Sims,Xanthus,Vehicula Et Rutrum LLP,congue.a.aliquet@Curabiturconsequat.org,Senior,Hay River,(980) 431-1168,cpt-293,Skills39,KV-Competitors,Competitors
Carlson,Gail,Facilisi Corp.,adipiscing@feugiat.com,Senior,Prestatyn,(348) 664-1877,cpt-294,Skills39,KV-Competitors,Competitors
Martinez,Vaughan,Pede Sagittis Augue LLP,nibh.Phasellus.nulla@Seddictum.com,Senior,Francavilla Fontana,(177) 221-0822,cpt-295,Skills39,KV-Competitors,Competitors
Dawson,Denton,Pede Ultrices A Corp.,ipsum@semper.co.uk,Senior,Gatineau,(830) 592-6799,cpt-296,Skills39,KV-Competitors,Competitors
Dickson,Hedda,Lectus Sit Amet Inc.,Lorem@eratvolutpatNulla.net,Senior,Beez,(597) 843-5894,cpt-297,Skills39,KV-Competitors,Competitors
Blackburn,Byron,Penatibus Et Magnis Corp.,vulputate.ullamcorper.magna@semPellentesque.org,Senior,Segni,(951) 102-4878,cpt-298,Skills39,KV-Competitors,Competitors
Patel,Amery,Sit Amet Corp.,augue.ac.ipsum@egestas.org,Senior,Pollein,(498) 268-0368,cpt-299,Skills39,KV-Competitors,Competitors
Snyder,Jacob,Convallis Est Vitae Foundation,mattis@faucibus.ca,Senior,San Costantino Calabro,(292) 908-2952,cpt-300,Skills39,KV-Competitors,Competitors
Francis,Fatima,Ac Turpis Corp.,torquent.per@Maurismolestie.org,Senior,Nashville,(168) 267-0826,cpt-301,Skills39,KV-Competitors,Competitors
Daniel,Elton,Penatibus Et Magnis LLC,consequat.auctor.nunc@ultricesa.co.uk,Senior,Gwalior,(831) 844-1740,cpt-302,Skills39,KV-Competitors,Competitors
Romero,Leonard,Lectus Quis Massa Inc.,metus.urna.convallis@sodalesatvelit.org,Senior,Susegana,(688) 954-0391,cpt-303,Skills39,KV-Competitors,Competitors
Chen,Jamal,Proin Eget Odio Institute,In.tincidunt.congue@euismod.org,Senior,Helensburgh,(297) 362-4329,cpt-304,Skills39,KV-Competitors,Competitors
Hays,Callie,Neque Sed PC,hymenaeos.Mauris@egestasnuncsed.com,Senior,Nocciano,(160) 752-1507,cpt-305,Skills39,KV-Competitors,Competitors
Miranda,Benedict,Duis Sit Amet LLC,Duis.volutpat@Aenean.com,Senior,Pulderbos,(410) 678-0555,cpt-306,Skills39,KV-Competitors,Competitors
Lynn,Mariko,Donec LLC,et.magna@ipsumDonecsollicitudin.co.uk,Senior,Racine,(617) 778-7357,cpt-307,Skills39,KV-Competitors,Competitors
Conway,Charlotte,Non Incorporated,non.lorem@tristiquepharetra.co.uk,Senior,Accadia,(990) 603-6939,cpt-308,Skills39,KV-Competitors,Competitors
Watson,Wayne,Risus Duis A Consulting,ac@rutrum.co.uk,Senior,Arrone,(165) 696-9564,cpt-309,Skills39,KV-Competitors,Competitors
Vazquez,Tamara,In Hendrerit PC,porta@etmalesuadafames.net,Senior,Panihati,(849) 364-6930,cpt-310,Skills39,KV-Competitors,Competitors
Cantrell,Risa,Vitae LLP,nunc@sapien.co.uk,Senior,Stockton-on-Tees,(163) 571-1777,cpt-311,Skills39,KV-Competitors,Competitors
Underwood,Dean,Non Limited,amet.consectetuer.adipiscing@a.co.uk,Senior,Desteldonk,(708) 345-7621,cpt-312,Skills39,KV-Competitors,Competitors
Santana,Joan,Ultrices Corp.,nec.ante.blandit@loremDonecelementum.org,Senior,Navsari,(854) 705-7403,cpt-313,Skills39,KV-Competitors,Competitors
Waters,Mara,Ut LLC,nisi.sem.semper@ligulaAliquamerat.co.uk,Senior,Bad Vöslau,(488) 277-3153,cpt-314,Skills39,KV-Competitors,Competitors
Romero,Ila,Donec Est Inc.,augue.scelerisque.mollis@gravidanuncsed.org,Senior,Malderen,(388) 486-9618,cpt-315,Skills39,KV-Competitors,Competitors
Wilder,Pascale,Pede Inc.,egestas.Sed.pharetra@arcuetpede.co.uk,Senior,Karnal,(341) 112-5627,cpt-316,Skills39,KV-Competitors,Competitors
Mccoy,Quinn,Duis Mi Corp.,quis@orciluctus.ca,Senior,Combarbalá,(967) 324-3215,cpt-317,Skills39,KV-Competitors,Competitors
Wood,Shaeleigh,Mus Aenean Eget Foundation,vel.pede.blandit@dapibusgravidaAliquam.org,Senior,Veldegem,(463) 644-7130,cpt-318,Skills39,KV-Competitors,Competitors
Ballard,Megan,Ornare Tortor At Limited,ultrices@Cras.com,Senior,Sitapur,(520) 122-2237,cpt-319,Skills39,KV-Competitors,Competitors
Rhodes,Robin,Lorem Tristique Foundation,ullamcorper.nisl.arcu@acipsum.com,Senior,Tierra Amarilla,(269) 556-7161,cpt-320,Skills39,KV-Competitors,Competitors
Alford,Cade,Dictum Eleifend LLP,rutrum.justo@Pellentesque.ca,Senior,Ludwigsfelde,(628) 250-5648,cpt-321,Skills39,KV-Competitors,Competitors
Boyd,Yoko,Mi Limited,vel.sapien@nonleo.co.uk,Senior,Rostock,(523) 998-4817,cpt-322,Skills39,KV-Competitors,Competitors
Jensen,Gabriel,Aliquam LLC,quis.pede@augueSedmolestie.com,Senior,Villanovafranca,(676) 469-9722,cpt-323,Skills39,KV-Competitors,Competitors
David,Beck,Eleifend Egestas PC,at@acmattis.ca,Senior,Curarrehue,(974) 382-2092,cpt-324,Skills39,KV-Competitors,Competitors
Crosby,Yoshi,Commodo Ipsum Suspendisse LLC,Sed@tellusimperdietnon.co.uk,Senior,Flamierge,(644) 853-0240,cpt-325,Skills39,KV-Competitors,Competitors
Mejia,Lara,Vitae Diam Institute,pede.sagittis.augue@porttitor.com,Senior,Halanzy,(174) 219-9229,cpt-326,Skills39,KV-Competitors,Competitors
Glass,Kyla,Semper Institute,ultrices.mauris@Maurisvestibulum.co.uk,Senior,Udaipur,(603) 786-7353,cpt-327,Skills39,KV-Competitors,Competitors
Delacruz,Brittany,Proin Sed Turpis Ltd,tristique.senectus@at.edu,Senior,Lennik,(244) 208-8682,cpt-328,Skills39,KV-Competitors,Competitors
Romero,Cheyenne,Sagittis Duis Gravida Company,at.risus.Nunc@ullamcorpernislarcu.net,Senior,Dworp,(868) 382-7448,cpt-329,Skills39,KV-Competitors,Competitors
Blackwell,Iona,Cursus A Associates,dictum@Suspendissenon.net,Senior,Wardha,(807) 265-8523,cpt-330,Skills39,KV-Competitors,Competitors
Romero,Buffy,Nulla Incorporated,feugiat.nec@mipede.edu,Senior,Amsterdam,(614) 110-5546,cpt-331,Skills39,KV-Competitors,Competitors
Morgan,Erich,Donec Dignissim Magna LLC,nascetur@magnaetipsum.net,Senior,Nuragus,(622) 451-2520,cpt-332,Skills39,KV-Competitors,Competitors
Giles,April,Nunc Sed Corp.,a.facilisis.non@pellentesqueegetdictum.net,Senior,Cantley,(159) 885-7591,cpt-333,Skills39,KV-Competitors,Competitors
Santos,Brenden,Cum Sociis Natoque Limited,massa.rutrum.magna@ac.com,Senior,Rzeszów,(495) 225-9480,cpt-334,Skills39,KV-Competitors,Competitors
Beard,Samuel,Etiam Corp.,vitae.nibh.Donec@Craspellentesque.net,Senior,Ramsel,(643) 332-9685,cpt-335,Skills39,KV-Competitors,Competitors
Merrill,Arden,Nec Urna Et Incorporated,ac@faucibusleoin.com,Senior,Arica,(448) 737-8434,cpt-336,Skills39,KV-Competitors,Competitors
Potts,Harding,Quam LLC,imperdiet.ornare@dictummagnaUt.ca,Senior,Swadlincote,(923) 237-1745,cpt-337,Skills39,KV-Competitors,Competitors
Blackwell,Rafael,Magna Cras Inc.,convallis.erat.eget@imperdietnon.net,Senior,Incourt,(150) 596-4335,cpt-338,Skills39,KV-Competitors,Competitors
Mooney,John,Scelerisque Industries,eget@Quisque.co.uk,Senior,Hillsboro,(567) 635-2124,cpt-339,Skills39,KV-Competitors,Competitors
Knapp,Dominic,Dapibus Consulting,Nam@natoquepenatibus.ca,Senior,Güssing,(267) 324-2518,cpt-340,Skills39,KV-Competitors,Competitors
Drake,Eugenia,Et Institute,vestibulum.lorem@auctorullamcorper.org,Senior,Lisieux,(641) 168-2736,cpt-341,Skills39,KV-Competitors,Competitors
Moran,Herman,Purus Ac Tellus Corporation,enim.gravida@metusIn.ca,Senior,Rabbi,(401) 292-1472,cpt-342,Skills39,KV-Competitors,Competitors
Robbins,Kuame,Nisi Magna Sed LLC,accumsan@loremvitaeodio.net,Senior,Witney,(549) 709-5773,cpt-343,Skills39,KV-Competitors,Competitors
English,Gage,Lacus Varius Incorporated,lacus.Nulla.tincidunt@massaQuisque.com,Senior,Okigwe,(459) 876-5140,cpt-344,Skills39,KV-Competitors,Competitors
Justice,Grant,Dui Cras Associates,natoque.penatibus.et@magnisdisparturient.org,Senior,Khandwa,(233) 878-4734,cpt-345,Skills39,KV-Competitors,Competitors
Rosario,Miranda,Neque Sed Limited,ac.mattis@cursuset.com,Senior,Neuville,(729) 844-5884,cpt-346,Skills39,KV-Competitors,Competitors
Randolph,Brennan,Penatibus Et Magnis Ltd,lacinia.orci.consectetuer@commodoauctor.co.uk,Senior,OugrŽe,(693) 735-3922,cpt-347,Skills39,KV-Competitors,Competitors
Barry,Alexander,Dis Parturient LLC,eleifend.non@erateget.org,Senior,Milestone,(311) 783-6513,cpt-348,Skills39,KV-Competitors,Competitors
Conway,Isabelle,Arcu Sed Et Corporation,tempus.risus@non.ca,Senior,Fairbanks,(299) 516-7544,cpt-349,Skills39,KV-Competitors,Competitors
Phillips,Dennis,Fringilla Cursus Purus Corporation,diam.lorem@Sed.net,Senior,StrŽe,(434) 414-2451,cpt-350,Skills39,KV-Competitors,Competitors
Lucas,Erasmus,Ultricies Adipiscing Enim Inc.,mauris.aliquam.eu@Cras.net,Senior,Kawawachikamach,(837) 533-9640,cpt-351,Skills39,KV-Competitors,Competitors
Pruitt,Channing,Metus Eu Institute,enim.Mauris@natoque.com,Senior,Phoenix,(455) 282-6530,cpt-352,Skills39,KV-Competitors,Competitors
Wong,Laurel,Cras Industries,mattis.Cras.eget@lectus.edu,Senior,Mundare,(233) 523-2441,cpt-353,Skills39,KV-Competitors,Competitors
Mccoy,Perry,Lorem Ipsum Sodales Industries,consectetuer.euismod.est@Seddiamlorem.com,Senior,Henley-on-Thames,(108) 126-7644,cpt-354,Skills39,KV-Competitors,Competitors
Sellers,Erin,Justo Eu Arcu LLC,dignissim.magna@condimentumeget.com,Senior,Vieux-Genappe,(871) 279-0491,cpt-355,Skills39,KV-Competitors,Competitors
Wheeler,Priscilla,Mauris Sapien Cursus LLP,Aliquam.gravida.mauris@vitaeerat.net,Senior,Pirque,(975) 620-3207,cpt-356,Skills39,KV-Competitors,Competitors
Rojas,Samuel,Erat Corp.,Ut.sagittis@enimEtiamimperdiet.net,Senior,St. Catharines,(628) 620-5060,cpt-357,Skills39,KV-Competitors,Competitors
Wallace,Nomlanga,Dolor Nonummy LLP,arcu.imperdiet.ullamcorper@sagittissemperNam.ca,Senior,Deurne,(867) 218-3679,cpt-358,Skills39,KV-Competitors,Competitors
Burnett,Beck,Bibendum Donec Ltd,non.sollicitudin.a@nonenimMauris.co.uk,Senior,Vieste,(597) 765-0910,cpt-359,Skills39,KV-Competitors,Competitors
Combs,Dustin,Sollicitudin Corp.,ligula.Aliquam.erat@vellectus.net,Senior,Sogliano Cavour,(879) 284-0422,cpt-360,Skills39,KV-Competitors,Competitors
Reyes,Dalton,Aliquam Fringilla Industries,sed.sapien.Nunc@pretiumet.net,Senior,Gorzów Wielkopolski,(775) 900-3817,cpt-361,Skills39,KV-Competitors,Competitors
Randolph,Alisa,Nec Tempus Ltd,luctus@pellentesque.edu,Senior,Poviglio,(921) 459-5993,cpt-362,Skills39,KV-Competitors,Competitors
Padilla,Nash,Et Pede Nunc Limited,egestas.Aliquam.nec@egestas.ca,Senior,Nieuwkapelle,(313) 441-6056,cpt-363,Skills39,KV-Competitors,Competitors
Baird,Isabelle,Aliquam Gravida Mauris Institute,hendrerit.Donec.porttitor@Aliquamfringilla.edu,Senior,New Sarepta,(831) 158-6834,cpt-364,Skills39,KV-Competitors,Competitors
Brock,Illana,Non Sapien Corp.,semper.pretium.neque@anteMaecenas.edu,Senior,Workum,(861) 503-2626,cpt-365,Skills39,KV-Competitors,Competitors
Olson,Abbot,Iaculis LLP,odio.semper.cursus@Donec.ca,Senior,Mellet,(883) 853-0910,cpt-366,Skills39,KV-Competitors,Competitors
Pruitt,Ali,A Malesuada Ltd,est.mollis.non@semelit.ca,Senior,Soverzene,(887) 931-6819,cpt-367,Skills39,KV-Competitors,Competitors
Garrett,Kasimir,Pellentesque Ltd,lorem.tristique.aliquet@consectetuer.org,Senior,Farrukhabad-cum-Fatehgarh,(679) 638-1742,cpt-368,Skills39,KV-Competitors,Competitors
Maxwell,Jocelyn,Tempus Consulting,aliquet.molestie@vel.com,Senior,Retiro,(593) 108-8927,cpt-369,Skills39,KV-Competitors,Competitors
George,Melinda,Egestas Hendrerit Neque LLC,ornare@euismod.co.uk,Senior,Ila,(889) 776-3621,cpt-370,Skills39,KV-Competitors,Competitors
Butler,Mariam,Pellentesque Ultricies PC,rutrum.magna.Cras@Quisquepurus.ca,Senior,Lembeek,(821) 863-7299,cpt-371,Skills39,KV-Competitors,Competitors
Nixon,Hiram,Diam At Pretium Ltd,a.enim@Cumsociis.net,Senior,Flint,(167) 803-6037,cpt-372,Skills39,KV-Competitors,Competitors
Dillard,Moses,Sapien Gravida Incorporated,velit.eu.sem@Suspendissecommodo.co.uk,Senior,Saint-Laurent,(653) 187-0724,cpt-373,Skills39,KV-Competitors,Competitors
Livingston,Aline,Ac Mattis Consulting,tempus@orciDonec.com,Senior,Puchuncaví,(122) 746-4884,cpt-374,Skills39,KV-Competitors,Competitors
Barton,Drake,Non Inc.,ornare.lectus@enimconsequat.com,Senior,Elbistan,(394) 475-7118,cpt-375,Skills39,KV-Competitors,Competitors
Valentine,Todd,Rutrum Fusce LLP,orci.consectetuer@maurisa.co.uk,Senior,Silvan,(131) 687-5355,cpt-376,Skills39,KV-Competitors,Competitors
Simpson,Alexandra,Malesuada Vel Industries,Nunc.ac@Aliquam.com,Senior,Sant'Ilario dello Ionio,(292) 511-8573,cpt-377,Skills39,KV-Competitors,Competitors
Snow,Sybill,Penatibus Corp.,dui.nec.urna@id.net,Senior,Massarosa,(140) 620-2177,cpt-378,Skills39,KV-Competitors,Competitors
Gallagher,Ainsley,Pulvinar Arcu Et Ltd,Mauris@sem.edu,Senior,Arvier,(220) 727-7318,cpt-379,Skills39,KV-Competitors,Competitors
Lynch,Dai,Justo Sit Corporation,Vivamus.euismod@ametorciUt.ca,Senior,Santander,(443) 825-9639,cpt-380,Skills39,KV-Competitors,Competitors
Wilkinson,Zenia,Ornare Lectus Industries,dis.parturient@Suspendisseseddolor.org,Senior,Estevan,(168) 115-0099,cpt-381,Skills39,KV-Competitors,Competitors
Levy,Mercedes,Et Inc.,nec@euplacerat.ca,Senior,Lint,(383) 226-3144,cpt-382,Skills39,KV-Competitors,Competitors
Mccray,Savannah,Dui Augue Eu Inc.,ornare.Fusce@eratVivamusnisi.ca,Senior,Edinburgh,(246) 699-5992,cpt-383,Skills39,KV-Competitors,Competitors
Blair,Alyssa,Arcu Ltd,rutrum.urna.nec@arcu.com,Senior,Limoges,(961) 446-8061,cpt-384,Skills39,KV-Competitors,Competitors
James,Irma,Arcu Sed Foundation,ligula.eu.enim@ornareelitelit.co.uk,Senior,s Herenelderen,(331) 490-4091,cpt-385,Skills39,KV-Competitors,Competitors
Barrera,Kyle,Eros Nam Associates,Maecenas.libero@Nullam.ca,Senior,Meeffe,(700) 519-8692,cpt-386,Skills39,KV-Competitors,Competitors
Baldwin,Craig,Pretium Aliquet Industries,quis@condimentum.com,Senior,Villingen-Schwennin,(196) 123-2390,cpt-387,Skills39,KV-Competitors,Competitors
Bonner,Jeremy,Dolor Consulting,vitae@iaculis.net,Senior,Nieuwkapelle,(360) 123-6209,cpt-388,Skills39,KV-Competitors,Competitors
Stewart,Fletcher,Sed Facilisis Vitae Corp.,rutrum.magna@anteiaculisnec.ca,Senior,Maple Creek,(382) 852-7859,cpt-389,Skills39,KV-Competitors,Competitors
Sandoval,Dante,Felis Incorporated,nec.urna.suscipit@lectusjustoeu.com,Senior,Salisbury,(606) 768-5930,cpt-390,Skills39,KV-Competitors,Competitors
Mccall,Vincent,Lorem Ac Risus Inc.,consequat@commodotinciduntnibh.ca,Senior,Orlando,(457) 992-6023,cpt-391,Skills39,KV-Competitors,Competitors
Robinson,Shafira,Malesuada Augue Ut Company,euismod.urna@turpisnon.org,Senior,Blairgowrie,(791) 359-5514,cpt-392,Skills39,KV-Competitors,Competitors
Henry,Justin,Sodales Incorporated,tellus.lorem@pharetra.ca,Senior,Wichita,(540) 422-5292,cpt-393,Skills39,KV-Competitors,Competitors
Gibson,Amir,Elit Etiam Associates,volutpat@torquentperconubia.net,Senior,Viernheim,(190) 995-9354,cpt-394,Skills39,KV-Competitors,Competitors
Parrish,Quon,Lacus Vestibulum Institute,nisi.nibh.lacinia@in.net,Senior,GomzŽ-Andoumont,(550) 121-5288,cpt-395,Skills39,KV-Competitors,Competitors
Zamora,Vielka,Mauris Integer Sem Associates,molestie.dapibus@accumsan.net,Senior,Papudo,(920) 338-1238,cpt-396,Skills39,KV-Competitors,Competitors
Kane,Zenaida,Ut Industries,et.nunc.Quisque@nibhvulputate.net,Senior,Orciano Pisano,(153) 715-4620,cpt-397,Skills39,KV-Competitors,Competitors
Collier,Anastasia,Luctus Curabitur Egestas Ltd,molestie.tellus@pedePraesent.ca,Senior,Fatehpur,(393) 953-5237,cpt-398,Skills39,KV-Competitors,Competitors
Sweet,Brynne,Accumsan Convallis Incorporated,Cras.sed@orciPhasellusdapibus.com,Senior,Ladispoli,(335) 665-4067,cpt-399,Skills39,KV-Competitors,Competitors
Terrell,Ronan,A Aliquet Ltd,et@ultricessit.com,Senior,Orciano Pisano,(832) 408-3063,cpt-400,Skills39,KV-Competitors,Competitors
Torres,Jael,Non Sollicitudin A Institute,magnis@enimnonnisi.net,Senior,Bergama,(404) 948-2832,cpt-401,Skills39,KV-Competitors,Competitors
Hancock,Justine,Velit Limited,consectetuer@nascetur.com,Senior,Spinoso,(216) 333-1358,cpt-402,Skills39,KV-Competitors,Competitors
Mcguire,Leroy,Arcu Limited,vel@cursusaenim.ca,Senior,San Martino in Badia/St. Martin in Thurn,(940) 232-0580,cpt-403,Skills39,KV-Competitors,Competitors
Noel,Hector,Nulla PC,ut.aliquam.iaculis@antedictum.co.uk,Senior,Modakeke,(468) 699-6068,cpt-404,Skills39,KV-Competitors,Competitors
Booker,Harper,Aliquam Tincidunt LLP,magna@etnetuset.edu,Senior,Lennik,(188) 202-1466,cpt-405,Skills39,KV-Competitors,Competitors
Carver,Keefe,At Industries,ipsum.ac.mi@dignissim.ca,Senior,Devonport,(486) 473-0846,cpt-406,Skills39,KV-Competitors,Competitors
Wilson,Derek,Sit PC,tristique@sodalespurus.org,Senior,Kota,(135) 951-6206,cpt-407,Skills39,KV-Competitors,Competitors
Garrison,Patience,Id Ante Company,lacinia.at.iaculis@facilisisnon.edu,Senior,Çermik,(486) 321-3769,cpt-408,Skills39,KV-Competitors,Competitors
Mckay,Laurel,Metus In Nec Company,aliquet.libero.Integer@augueacipsum.ca,Senior,Pelluhue,(561) 657-7446,cpt-409,Skills39,KV-Competitors,Competitors
Leblanc,Alisa,Arcu Morbi Associates,varius.Nam@faucibus.ca,Senior,Neustrelitz,(343) 113-0869,cpt-410,Skills39,KV-Competitors,Competitors
Le,Nomlanga,Nam Inc.,neque.Nullam.nisl@neque.com,Senior,Gosselies,(393) 882-3362,cpt-411,Skills39,KV-Competitors,Competitors
Stark,Leila,Mauris LLC,Aenean@convallisincursus.ca,Senior,Wanaka,(517) 228-8765,cpt-412,Skills39,KV-Competitors,Competitors
Daniels,Colt,Nullam Enim Sed Corp.,enim.Etiam.imperdiet@ante.ca,Senior,Bayswater,(872) 580-7665,cpt-413,Skills39,KV-Competitors,Competitors
Durham,Graham,Nunc Ac Mattis Institute,interdum.Nunc.sollicitudin@nequenonquam.edu,Senior,Gorbea,(129) 627-7575,cpt-414,Skills39,KV-Competitors,Competitors
Briggs,Jayme,Hendrerit Institute,ac.mattis@nislarcuiaculis.com,Senior,Herfelingen,(152) 453-4964,cpt-415,Skills39,KV-Competitors,Competitors
Lara,Ori,Orci Incorporated,facilisis@a.net,Senior,Dorgali,(665) 377-7072,cpt-416,Skills39,KV-Competitors,Competitors
Cherry,Amber,Imperdiet Nec Leo Institute,Vivamus@magnisdis.org,Senior,Joondalup,(290) 369-3567,cpt-417,Skills39,KV-Competitors,Competitors
Cantu,Wesley,Felis Purus Ac Limited,nunc.In@loremDonec.org,Senior,Enkhuizen,(719) 780-0760,cpt-418,Skills39,KV-Competitors,Competitors
Vaughn,Karly,Lorem Eu Metus LLC,ultrices@elementumdui.co.uk,Senior,Merksplas,(383) 478-3904,cpt-419,Skills39,KV-Competitors,Competitors
Massey,Libby,Parturient Montes Limited,libero.mauris.aliquam@diamProin.net,Senior,Habra,(688) 638-8020,cpt-420,Skills39,KV-Competitors,Competitors
Wells,Evan,Suspendisse Non Leo Ltd,ac@sed.edu,Senior,Mosciano Sant'Angelo,(520) 724-8580,cpt-421,Skills39,KV-Competitors,Competitors
Mcmahon,Kelsie,Sapien Molestie Incorporated,imperdiet.non.vestibulum@ipsumdolorsit.edu,Senior,Lake Cowichan,(795) 991-3910,cpt-422,Skills39,KV-Competitors,Competitors
Collier,Martina,Posuere Associates,ornare.facilisis@sem.edu,Senior,Ñuñoa,(876) 798-6148,cpt-423,Skills39,KV-Competitors,Competitors
Christian,Kevin,Non Nisi PC,tellus@Mauris.org,Senior,Erode,(537) 989-8810,cpt-424,Skills39,KV-Competitors,Competitors
Fox,John,Lorem Sit Amet Industries,feugiat.placerat.velit@laciniaSed.ca,Senior,Spresiano,(176) 809-0791,cpt-425,Skills39,KV-Competitors,Competitors
Wallace,Vanna,Cursus Non Egestas Foundation,penatibus@nunc.co.uk,Senior,Quirihue,(633) 490-6056,cpt-426,Skills39,KV-Competitors,Competitors
Aguilar,Jaden,Magnis Incorporated,cursus@laoreetlibero.org,Senior,San José de Maipo,(818) 261-9648,cpt-427,Skills39,KV-Competitors,Competitors
Bowers,Imani,Penatibus Et LLP,vitae@tellusjustosit.co.uk,Senior,Almere,(441) 761-6192,cpt-428,Skills39,KV-Competitors,Competitors
Rutledge,Linus,Nec Euismod In Foundation,Fusce.fermentum.fermentum@eget.ca,Senior,Halifax,(528) 771-1282,cpt-429,Skills39,KV-Competitors,Competitors
Battle,Fatima,Per Conubia Nostra Inc.,sed.libero@orciadipiscing.edu,Senior,Gdynia,(761) 167-2180,cpt-430,Skills39,KV-Competitors,Competitors
Gibbs,Olga,Vitae Odio Consulting,diam.lorem@Vestibulum.net,Senior,Boise,(384) 216-3158,cpt-431,Skills39,KV-Competitors,Competitors
Compton,Hammett,Nulla Associates,gravida.molestie@arcuVestibulum.org,Senior,Borgomasino,(355) 645-9819,cpt-432,Skills39,KV-Competitors,Competitors
Newton,Jocelyn,Non PC,massa@nostraper.ca,Senior,Wallasey,(146) 185-4704,cpt-433,Skills39,KV-Competitors,Competitors
Shaffer,Herrod,Fusce Dolor Quam LLC,a@mauriselitdictum.com,Senior,Montpellier,(487) 384-7697,cpt-434,Skills39,KV-Competitors,Competitors
Burt,Mechelle,Aliquam Enim LLP,aliquam.iaculis.lacus@semper.edu,Senior,Parbhani,(726) 115-4160,cpt-435,Skills39,KV-Competitors,Competitors
Roberts,Ciara,Nunc Laoreet Institute,lacus.Aliquam.rutrum@gravida.org,Senior,Sromness,(459) 886-5142,cpt-436,Skills39,KV-Competitors,Competitors
Lindsey,Melvin,Dictum Incorporated,nisi.a@acfeugiatnon.net,Senior,Peralillo,(202) 721-0196,cpt-437,Skills39,KV-Competitors,Competitors
Harper,Martha,Felis Ltd,justo.Proin@idanteNunc.net,Senior,Algarrobo,(507) 918-1069,cpt-438,Skills39,KV-Competitors,Competitors
Hunt,Holmes,Risus Donec Egestas Incorporated,a@iaculisquispede.net,Senior,Sambuca Pistoiese,(826) 324-9603,cpt-439,Skills39,KV-Competitors,Competitors
Hopkins,Mallory,Libero Donec Consectetuer Institute,eu@interdum.com,Senior,Cassano Spinola,(781) 355-9094,cpt-440,Skills39,KV-Competitors,Competitors
Cohen,Palmer,Dui Fusce Corporation,ultricies@ipsumnuncid.org,Senior,Sneek,(289) 191-6793,cpt-441,Skills39,KV-Competitors,Competitors
Wilson,Kato,Pellentesque Tellus Institute,blandit@etrutrum.net,Senior,Port Blair,(931) 162-0647,cpt-442,Skills39,KV-Competitors,Competitors
Frost,Robert,Est Nunc Laoreet LLC,elementum.sem@Donecnon.ca,Senior,Ananindeua,(986) 586-5967,cpt-443,Skills39,KV-Competitors,Competitors
Gay,Tatum,Luctus Ipsum Corporation,diam@sem.ca,Senior,Zwevegem,(863) 219-5125,cpt-444,Skills39,KV-Competitors,Competitors
Williams,Paki,Ipsum Primis In Inc.,aliquam.iaculis.lacus@vestibulumMaurismagna.com,Senior,Tocopilla,(509) 159-9050,cpt-445,Skills39,KV-Competitors,Competitors
Peck,Louis,Magna Institute,non@varius.co.uk,Senior,Tongeren,(981) 725-7275,cpt-446,Skills39,KV-Competitors,Competitors
Stewart,Quamar,Dolor Fusce Limited,aliquet.magna@scelerisque.com,Senior,Zaanstad,(743) 958-2263,cpt-447,Skills39,KV-Competitors,Competitors
Christian,Sierra,Consectetuer Adipiscing Ltd,gravida.Praesent@Nunc.net,Senior,Merdorp,(691) 807-8098,cpt-448,Skills39,KV-Competitors,Competitors
Lawrence,Pascale,Nulla Dignissim Institute,quis.diam@purusaccumsaninterdum.com,Senior,Essene,(128) 961-1781,cpt-449,Skills39,KV-Competitors,Competitors
Combs,Alec,Turpis Corporation,nunc.ullamcorper@blanditNam.ca,Senior,Etalle,(558) 215-2963,cpt-450,Skills39,KV-Competitors,Competitors
Henderson,Tobias,Ipsum Suspendisse Institute,sed.dolor.Fusce@Cum.org,Senior,Mobile,(420) 639-2119,mgr-001,Skills39,KV-Managers,Managers
Newman,Molly,Ligula PC,sociosqu.ad@dolorDonec.ca,Senior,Rochester,(350) 915-4975,mgr-002,Skills39,KV-Managers,Managers
Ballard,Selma,Rutrum Urna LLP,aliquam.enim.nec@Phasellusvitae.com,Senior,Finkenstein am Faaker See,(910) 781-0262,mgr-003,Skills39,KV-Managers,Managers
Slater,Geoffrey,Netus Et Limited,neque@vitaevelitegestas.co.uk,Senior,Litueche,(585) 779-4312,mgr-004,Skills39,KV-Managers,Managers
French,Astra,Vivamus Ltd,urna.convallis.erat@maurisutmi.net,Senior,Gap,(170) 205-2070,mgr-005,Skills39,KV-Managers,Managers
Mclean,John,Sed LLP,placerat@nibhsitamet.edu,Senior,Pangnirtung,(457) 564-3449,mgr-006,Skills39,KV-Managers,Managers
Sims,Brianna,Mi Duis Risus Limited,lectus.quis.massa@pharetra.com,Senior,Broechem,(920) 253-1449,mgr-007,Skills39,KV-Managers,Managers
Vang,Xander,Nonummy Industries,odio@arcuvel.net,Senior,Lota,(498) 336-5878,mgr-008,Skills39,KV-Managers,Managers
Reyes,Juliet,Eget Mollis Lectus Industries,a.feugiat@pede.org,Senior,Annapolis Royal,(729) 171-9196,mgr-009,Skills39,KV-Managers,Managers
Lawson,Isadora,Lacinia Mattis Integer Limited,scelerisque.neque@egestas.co.uk,Senior,Etalle,(459) 428-1172,mgr-010,Skills39,KV-Managers,Managers
Underwood,Amos,Cum Company,dictum@dis.co.uk,Senior,TrognŽe,(660) 743-4011,mgr-011,Skills39,KV-Managers,Managers
Bradford,Scarlet,Ut Corporation,at@InloremDonec.co.uk,Senior,Ayd?n,(738) 320-5511,mgr-012,Skills39,KV-Managers,Managers
Howe,Wallace,Nunc Interdum Ltd,arcu.Vivamus.sit@Sednunc.ca,Senior,Wörgl,(953) 226-2680,mgr-013,Skills39,KV-Managers,Managers
Collier,Ruby,Felis Ullamcorper Viverra Foundation,tristique@sitamet.co.uk,Senior,Ophain-Bois-Seigneur-Isaac,(691) 145-2387,mgr-014,Skills39,KV-Managers,Managers
Glass,Alfonso,Dis Parturient Company,sit@suscipitnonummy.edu,Senior,Campinas,(812) 978-0647,mgr-015,Skills39,KV-Managers,Managers
Blair,Keith,Luctus Et Associates,lacinia@CrasinterdumNunc.ca,Senior,Corroy-le-Grand,(297) 593-3376,mgr-016,Skills39,KV-Managers,Managers
Gates,Michael,Lorem Sit LLP,elit.fermentum@cursus.org,Senior,Casciana Terme,(690) 345-1861,mgr-017,Skills39,KV-Managers,Managers
Rhodes,Dora,A Industries,enim.nec@DonecegestasAliquam.edu,Senior,Nicoya,(179) 628-2871,mgr-018,Skills39,KV-Managers,Managers
Bartlett,Emmanuel,Mauris Company,molestie.Sed.id@arcu.org,Senior,Mansfield-et-Pontefract,(113) 362-4864,mgr-019,Skills39,KV-Managers,Managers
Whitley,Claire,Tellus Suspendisse Sed Corporation,in.magna@Aliquam.net,Senior,Béziers,(718) 847-3023,mgr-020,Skills39,KV-Managers,Managers
Hill,Lester,Velit Eget Industries,Duis.gravida.Praesent@velit.com,Senior,Camaçari,(822) 798-4795,mgr-021,Skills39,KV-Managers,Managers
Finch,Jakeem,Elementum PC,ante.ipsum@necmauris.co.uk,Senior,Milmort,(800) 880-1029,mgr-022,Skills39,KV-Managers,Managers
Mcclain,Fay,Duis Sit Inc.,feugiat.placerat@nonloremvitae.org,Senior,Châlons-en-Champagne,(655) 640-3806,mgr-023,Skills39,KV-Managers,Managers
Johnston,Angela,Auctor Nunc Nulla Associates,fermentum.vel.mauris@Intinciduntcongue.net,Senior,Makurdi,(502) 432-5609,mgr-024,Skills39,KV-Managers,Managers
Rodriquez,Venus,Risus LLP,sapien.gravida@loremauctor.ca,Senior,Wanzele,(624) 765-4065,mgr-025,Skills39,KV-Managers,Managers
Carroll,Harlan,Eu Turpis Nulla Foundation,vel.vulputate.eu@feugiatSed.edu,Senior,Dorgali,(432) 259-5315,mgr-026,Skills39,KV-Managers,Managers
Ballard,Kaye,Pellentesque A Corporation,odio.vel.est@semutcursus.com,Senior,A Coruña,(252) 392-2771,mgr-027,Skills39,KV-Managers,Managers
Glover,Florence,Integer Consulting,nulla@felisDonec.ca,Senior,Chiari,(195) 284-7622,mgr-028,Skills39,KV-Managers,Managers
Oneill,Paloma,Quis Tristique Ac Limited,ac.feugiat@nonjusto.org,Senior,Aserrí,(129) 991-7535,mgr-029,Skills39,KV-Managers,Managers
Jordan,Halee,Tellus Inc.,augue.eu.tempor@sedhendrerit.net,Senior,Muzaffarnagar,(538) 204-0756,mgr-030,Skills39,KV-Managers,Managers
Vasquez,Lydia,Mauris Eu Inc.,eget.volutpat.ornare@tristiquesenectuset.org,Senior,Zuienkerke,(226) 724-6923,mgr-031,Skills39,KV-Managers,Managers
Wiggins,Wing,Molestie Associates,Nunc.quis.arcu@acmattissemper.net,Senior,Steendorp,(796) 208-3444,mgr-032,Skills39,KV-Managers,Managers
Kelly,Burke,Convallis In Associates,libero.est.congue@maurisSuspendisse.net,Senior,Moerbeke,(735) 818-4252,mgr-033,Skills39,KV-Managers,Managers
Simon,Chadwick,Eget Laoreet Incorporated,fringilla.euismod.enim@miDuis.org,Senior,Montelupo Fiorentino,(371) 209-8182,mgr-034,Skills39,KV-Managers,Managers
Walter,Gage,Velit Cras Lorem Industries,rutrum@risus.net,Senior,Mombaruzzo,(678) 729-7097,mgr-035,Skills39,KV-Managers,Managers
Haney,Malcolm,Porttitor Interdum Sed LLP,nulla@Aliquamerat.com,Senior,Anzio,(665) 279-8206,mgr-036,Skills39,KV-Managers,Managers
Rogers,Denise,Diam Luctus Inc.,diam@acrisusMorbi.edu,Senior,Eernegem,(246) 695-7292,mgr-037,Skills39,KV-Managers,Managers
Mcleod,Fulton,Sed Dolor Associates,Lorem.ipsum.dolor@sed.co.uk,Senior,San Miguel,(114) 168-3661,mgr-038,Skills39,KV-Managers,Managers
Haney,Bradley,Sodales Nisi LLC,ornare.facilisis.eget@egestasblanditNam.ca,Senior,Mönchengladbach,(423) 941-2652,mgr-039,Skills39,KV-Managers,Managers
Pugh,Alyssa,Non Justo PC,elementum@sollicitudin.ca,Senior,Motueka,(956) 220-3235,mgr-040,Skills39,KV-Managers,Managers
Nunez,Odysseus,Ut Ltd,dolor.egestas.rhoncus@variusorci.edu,Senior,Vico del Gargano,(920) 336-8928,mgr-041,Skills39,KV-Managers,Managers
Hooper,Rhiannon,Est PC,Aenean@sed.net,Senior,Zolder,(323) 344-2656,mgr-042,Skills39,KV-Managers,Managers
Fowler,Kenyon,Non Industries,adipiscing@morbitristiquesenectus.ca,Senior,Pirmasens,(503) 951-5414,mgr-043,Skills39,KV-Managers,Managers
Moss,Fulton,Aliquam Ornare Company,Nunc.ut.erat@scelerisquemollisPhasellus.co.uk,Senior,Lasne-Chapelle-Saint-Lambert,(208) 822-3065,mgr-044,Skills39,KV-Managers,Managers
Maddox,Dylan,Commodo Tincidunt Nibh Industries,Sed.eget@sedturpisnec.edu,Senior,Mezzana,(929) 600-1008,mgr-045,Skills39,KV-Managers,Managers
King,Irma,Netus Ltd,ridiculus@aliquet.com,Senior,Sant'Onofrio,(698) 726-0403,mgr-046,Skills39,KV-Managers,Managers
Avery,Harper,Nec Metus Company,tortor.nibh.sit@purusDuis.ca,Senior,La Thuile,(483) 316-8169,mgr-047,Skills39,KV-Managers,Managers
Luna,Kane,Nunc Ut Erat PC,eu@placerataugueSed.net,Senior,Limburg a.d. Lahn,(524) 577-1984,mgr-048,Skills39,KV-Managers,Managers
Hayden,Ivana,Euismod Urna Nullam LLP,Praesent.interdum.ligula@dictumeuplacerat.co.uk,Senior,Sint-Niklaas,(255) 701-6941,mgr-049,Skills39,KV-Managers,Managers
Garrison,Willow,Tellus Aenean Industries,condimentum@vitae.org,Senior,Provo,(108) 585-1209,mgr-050,Skills39,KV-Managers,Managers
Welch,Kevin,Posuere Foundation,purus.Maecenas@convallis.net,Senior,Governador Valadares,(243) 530-3830,mgr-051,Skills39,KV-Managers,Managers
Mercado,Sylvester,Tempus Institute,congue.In@maurisblanditmattis.edu,Senior,Aosta,(224) 560-0279,mgr-052,Skills39,KV-Managers,Managers
Fox,Hermione,Vestibulum Ltd,et.lacinia@Pellentesquetincidunt.org,Senior,Weymouth,(597) 835-7883,mgr-053,Skills39,KV-Managers,Managers
Dudley,Summer,Erat Nonummy Foundation,vehicula@quismassa.ca,Senior,Haddington,(938) 935-3955,mgr-054,Skills39,KV-Managers,Managers
Hays,Lee,Egestas Rhoncus Proin PC,ridiculus.mus@ultrices.net,Senior,Juneau,(286) 978-1264,mgr-055,Skills39,KV-Managers,Managers
David,Kiona,Lacinia Limited,sit@magnatellus.org,Senior,MabomprŽ,(314) 505-6564,mgr-056,Skills39,KV-Managers,Managers
Riddle,Curran,Suspendisse Dui Fusce Associates,faucibus.ut@Nuncsed.net,Senior,Warrington,(755) 866-2549,mgr-057,Skills39,KV-Managers,Managers
Vega,Jade,Ipsum Non Arcu Consulting,risus@quismassaMauris.org,Senior,Rouvreux,(109) 764-1172,mgr-058,Skills39,KV-Managers,Managers
Bennett,Merritt,Consectetuer Adipiscing Elit Consulting,egestas@vulputateullamcorpermagna.com,Senior,Barrow-in-Furness,(817) 249-7600,mgr-059,Skills39,KV-Managers,Managers
Mejia,Colorado,Ipsum Industries,sapien.Aenean@velit.edu,Senior,Vottem,(853) 539-9865,mgr-060,Skills39,KV-Managers,Managers
Lloyd,Halla,Eget Dictum Incorporated,fames@Phasellus.ca,Senior,Valley East,(456) 796-6064,mgr-061,Skills39,KV-Managers,Managers
Hobbs,Edward,Pharetra Nibh Aliquam Associates,rhoncus.Donec@pellentesqueafacilisis.org,Senior,Venezia,(726) 981-0616,mgr-062,Skills39,KV-Managers,Managers
Gomez,Ralph,Justo Eu Associates,magna.Duis.dignissim@nonummyacfeugiat.net,Senior,Anglet,(668) 259-5724,mgr-063,Skills39,KV-Managers,Managers
Schmidt,Aquila,Velit Justo Ltd,et.tristique.pellentesque@nec.net,Senior,Herdersem,(510) 519-6746,mgr-064,Skills39,KV-Managers,Managers
Jefferson,Victoria,Metus LLP,ornare@quamelementumat.co.uk,Senior,Chastre-Villeroux-Blanmont,(231) 453-5905,mgr-065,Skills39,KV-Managers,Managers
Solis,Kenneth,Risus In Inc.,litora.torquent@Donecfelis.com,Senior,New Galloway,(138) 706-9261,mgr-066,Skills39,KV-Managers,Managers
Wilkerson,Magee,Consequat Lectus Sit Inc.,Curabitur.sed@posuerecubilia.com,Senior,Westlock,(315) 247-9308,mgr-067,Skills39,KV-Managers,Managers
Cash,Wylie,Arcu Vestibulum Limited,libero.Proin.mi@aliquetlobortis.org,Senior,Ponti,(435) 510-4634,mgr-068,Skills39,KV-Managers,Managers
Mann,Nathan,At Pede Cras Limited,diam@etnetus.org,Senior,Gaithersburg,(474) 263-4907,mgr-069,Skills39,KV-Managers,Managers
Witt,Oscar,Per Industries,et@ipsum.net,Senior,Boncelles,(742) 277-0031,mgr-070,Skills39,KV-Managers,Managers
Gilbert,Rajah,Amet Nulla Donec Institute,varius@magnaUttincidunt.co.uk,Senior,Pucón,(754) 229-2688,mgr-071,Skills39,KV-Managers,Managers
Emerson,Skyler,Fermentum Convallis Ligula Foundation,dolor.elit.pellentesque@elitAliquam.net,Senior,Cheyenne,(693) 334-6003,mgr-072,Skills39,KV-Managers,Managers
Bartlett,Isaiah,Elit LLC,scelerisque.neque@Maurisvel.ca,Senior,Ham-sur-Sambre,(781) 156-3986,mgr-073,Skills39,KV-Managers,Managers
Horn,Hedy,Nullam Corp.,risus.varius.orci@massalobortisultrices.net,Senior,Mustafakemalpa?a,(624) 154-9773,mgr-074,Skills39,KV-Managers,Managers
Pickett,Dieter,Mauris A Nunc Corporation,dictum@duinec.co.uk,Senior,Poucet,(343) 773-9640,mgr-075,Skills39,KV-Managers,Managers
Dominguez,Anjolie,Eu Sem Corp.,hendrerit.neque.In@Nuncsollicitudin.net,Senior,Delitzsch,(588) 729-0395,mgr-076,Skills39,KV-Managers,Managers
Bender,Charles,Ligula LLP,vehicula.aliquet.libero@est.org,Senior,Kincardine,(588) 546-0092,mgr-077,Skills39,KV-Managers,Managers
Hines,Leslie,Sem Ut Corp.,urna.justo.faucibus@vitaesodales.co.uk,Senior,Erchie,(891) 130-4758,mgr-078,Skills39,KV-Managers,Managers
Cline,Katelyn,Vehicula Aliquet Libero Associates,lectus.justo@necmalesuadaut.edu,Senior,Troon,(771) 190-7326,mgr-079,Skills39,KV-Managers,Managers
Hatfield,Vanna,Id Ante Corp.,mollis@rutrumurna.ca,Senior,Montenero Val Cocchiara,(995) 915-5263,mgr-080,Skills39,KV-Managers,Managers
Griffith,Hilary,Ac Company,Morbi@non.net,Senior,Taunton,(562) 430-9273,mgr-081,Skills39,KV-Managers,Managers
Payne,Kelsie,Lorem Consulting,egestas@quisaccumsan.co.uk,Senior,Feltre,(979) 461-2474,mgr-082,Skills39,KV-Managers,Managers
Hardy,Zephr,Curabitur Ut Institute,magna@facilisisloremtristique.edu,Senior,Nova Iguaçu,(750) 824-1888,mgr-083,Skills39,KV-Managers,Managers
Mcknight,Shannon,Cubilia Curae Phasellus Limited,ac.tellus@Nullaeu.co.uk,Senior,Puri,(295) 611-0715,mgr-084,Skills39,KV-Managers,Managers
Nolan,Dean,In LLP,nunc@Fuscedolor.net,Senior,Premeno,(941) 532-9307,mgr-085,Skills39,KV-Managers,Managers
Alston,Priscilla,Eu Dolor Egestas Institute,augue.id.ante@odiosagittis.org,Senior,San Rafael,(990) 930-0938,mgr-086,Skills39,KV-Managers,Managers
Hooper,Regan,Mauris Consulting,Donec@pretium.net,Senior,Bossuit,(202) 425-2614,mgr-087,Skills39,KV-Managers,Managers
England,Nolan,Conubia Nostra Inc.,diam.Proin.dolor@Vestibulum.net,Senior,Ollolai,(509) 781-3668,mgr-088,Skills39,KV-Managers,Managers
Blair,Hermione,Gravida Nunc Sed Associates,Sed.et@vulputatenisisem.co.uk,Senior,Paupisi,(843) 630-4563,mgr-089,Skills39,KV-Managers,Managers
Burke,Rahim,Ut Cursus Luctus LLC,in.aliquet@eu.ca,Senior,Estación Central,(709) 422-5427,mgr-090,Skills39,KV-Managers,Managers
Lucas,Irma,Sem Industries,amet.consectetuer@mauris.net,Senior,Buin,(419) 462-3736,mgr-091,Skills39,KV-Managers,Managers
Britt,Lael,Mauris Aliquam Industries,libero.Morbi@eu.org,Senior,Sint-Pieters-Leeuw,(398) 103-4970,mgr-092,Skills39,KV-Managers,Managers
Harper,Lois,Lectus Rutrum LLC,Nunc.laoreet.lectus@consectetueripsumnunc.co.uk,Senior,Kanpur Cantonment,(491) 214-1980,mgr-093,Skills39,KV-Managers,Managers
Osborn,Amena,Ipsum LLP,eu@eratinconsectetuer.com,Senior,Vihari,(213) 740-5360,mgr-094,Skills39,KV-Managers,Managers
Alford,Porter,Lobortis Nisi Nibh Limited,Sed@arcu.com,Senior,Gontrode,(125) 297-8368,mgr-095,Skills39,KV-Managers,Managers
Medina,Gemma,Nunc Interdum Feugiat Consulting,ligula.eu@Aliquam.org,Senior,Saint-Pierre,(591) 855-7270,mgr-096,Skills39,KV-Managers,Managers
Carlson,Shelly,Donec Institute,ornare@commodo.org,Senior,Opgrimbie,(904) 275-6032,mgr-097,Skills39,KV-Managers,Managers
Stevenson,Chaney,Tincidunt Donec Corporation,risus@purusmauris.net,Senior,Bras,(281) 287-9557,mgr-098,Skills39,KV-Managers,Managers
Avila,Clarke,Lacus Consulting,molestie.sodales.Mauris@torquentperconubia.net,Senior,Gouvy,(976) 758-6004,mgr-099,Skills39,KV-Managers,Managers
Gallagher,Elizabeth,Nulla Ltd,nibh@molestie.com,Senior,Mont,(123) 870-6652,mgr-100,Skills39,KV-Managers,Managers
Strong,Dorothy,Pellentesque Corp.,turpis.non.enim@bibendumsed.net,Senior,Modena,(605) 494-2383,mgr-101,Skills39,KV-Managers,Managers
Cameron,Rina,Lacus Varius LLC,nisi@ipsumdolorsit.co.uk,Senior,Penhold,(968) 416-8170,mgr-102,Skills39,KV-Managers,Managers
Page,Porter,In Faucibus Institute,eleifend.non@erat.co.uk,Senior,?om?a,(847) 627-0079,mgr-103,Skills39,KV-Managers,Managers
Dunn,Hamish,Vulputate Velit Eu Corporation,at.libero@eueratsemper.co.uk,Senior,Kota,(554) 815-3766,mgr-104,Skills39,KV-Managers,Managers
Cabrera,Vielka,Aliquet Odio Inc.,facilisi.Sed@euismodac.co.uk,Senior,Modena,(986) 444-6464,mgr-105,Skills39,KV-Managers,Managers
Good,Tallulah,Purus In PC,quis@eleifendnondapibus.ca,Senior,Pucón,(921) 379-0517,mgr-106,Skills39,KV-Managers,Managers
Arnold,Hayes,Egestas Foundation,rutrum.justo.Praesent@euturpis.org,Senior,Rae Lakes,(971) 794-6946,mgr-107,Skills39,KV-Managers,Managers
Martin,Selma,Phasellus Fermentum Inc.,nulla.In.tincidunt@dignissimlacus.com,Senior,Stornaway,(727) 603-5039,mgr-108,Skills39,KV-Managers,Managers
Bolton,Nehru,In Hendrerit LLP,malesuada@tincidunttempus.net,Senior,Koekelberg,(718) 636-8633,mgr-109,Skills39,KV-Managers,Managers
Martinez,Eagan,Egestas Industries,ullamcorper.magna@quislectusNullam.ca,Senior,Herenthout,(697) 867-1982,mgr-110,Skills39,KV-Managers,Managers
Norris,Erasmus,Proin Non Corp.,congue.In@sem.ca,Senior,Tobermory,(780) 345-0080,mgr-111,Skills39,KV-Managers,Managers
Huffman,Laith,Pede Sagittis Augue Inc.,mi@inceptos.net,Senior,Af?in,(299) 619-6193,mgr-112,Skills39,KV-Managers,Managers
Bernard,Britanni,Suspendisse Aliquet Corporation,erat.volutpat@vitaeodiosagittis.co.uk,Senior,Schulen,(904) 552-5982,mgr-113,Skills39,KV-Managers,Managers
Hopkins,Lance,Arcu Sed Inc.,sem.elit.pharetra@dui.edu,Senior,Essex,(619) 266-6908,mgr-114,Skills39,KV-Managers,Managers
Molina,Virginia,Eu Inc.,amet.massa.Quisque@variusultricesmauris.com,Senior,Höchst,(266) 893-5171,mgr-115,Skills39,KV-Managers,Managers
Mason,Gary,Augue Malesuada Malesuada Associates,Duis.sit@laciniaorci.edu,Senior,Sant'Agata Bolognese,(992) 421-1857,mgr-116,Skills39,KV-Managers,Managers
Hardin,Amity,Cubilia Associates,lacus@viverraDonec.edu,Senior,Bevel,(736) 289-1947,mgr-117,Skills39,KV-Managers,Managers
Gray,Jena,Nunc Sollicitudin Commodo Ltd,metus.eu.erat@tellus.org,Senior,Greymouth,(769) 574-8095,mgr-118,Skills39,KV-Managers,Managers
Hunt,Robert,Purus Duis Company,Sed.congue@imperdiet.co.uk,Senior,Sart-Dames-Avelines,(998) 703-4047,mgr-119,Skills39,KV-Managers,Managers
Burton,Renee,Convallis Industries,sapien.Nunc.pulvinar@Suspendissesagittis.ca,Senior,Tarnów,(461) 601-3607,mgr-120,Skills39,KV-Managers,Managers
Nixon,Ivy,Tincidunt Donec Vitae Limited,massa.Suspendisse.eleifend@Cras.com,Senior,Upper Hutt,(155) 964-6804,mgr-121,Skills39,KV-Managers,Managers
Buchanan,Sage,Amet Lorem Semper Company,magnis.dis.parturient@ligulaNullamfeugiat.ca,Senior,Denderwindeke,(790) 957-7022,mgr-122,Skills39,KV-Managers,Managers
Allen,Samson,Tempor Arcu Vestibulum Industries,nisi.Aenean@aliquetdiam.net,Senior,Etawah,(823) 456-1216,mgr-123,Skills39,KV-Managers,Managers
Hull,Priscilla,Risus Nunc Ac Limited,semper.cursus@Crasloremlorem.org,Senior,Parauapebas,(804) 159-5621,mgr-124,Skills39,KV-Managers,Managers
Cruz,Giacomo,In Corporation,egestas.blandit.Nam@Proinnonmassa.com,Senior,Dereham,(816) 748-5908,mgr-125,Skills39,KV-Managers,Managers
Mcgee,Octavius,Duis Cursus Diam LLC,est.tempor.bibendum@egetmassa.co.uk,Senior,Samsun,(861) 687-9344,mgr-126,Skills39,KV-Managers,Managers
Riddle,Fritz,In Faucibus Associates,Vestibulum@in.ca,Senior,Gianico,(613) 138-2810,mgr-127,Skills39,KV-Managers,Managers
Alexander,Brody,Tincidunt Ltd,sit.amet.diam@blandit.org,Senior,Chicago,(588) 423-6895,mgr-128,Skills39,KV-Managers,Managers
Vaughn,April,Hendrerit Id Ante Consulting,Aliquam.auctor@Fuscealiquam.com,Senior,Wanneroo,(686) 794-7803,mgr-129,Skills39,KV-Managers,Managers
Lawrence,Leila,Lorem Ipsum Foundation,pede.Suspendisse.dui@risusNullaeget.ca,Senior,Serramonacesca,(395) 581-0551,mgr-130,Skills39,KV-Managers,Managers
Poole,Steel,Aliquam Inc.,Integer@imperdiet.com,Senior,Hamilton,(862) 318-5059,mgr-131,Skills39,KV-Managers,Managers
Caldwell,Axel,Penatibus Inc.,Proin.nisl@nibhenim.com,Senior,Cañas,(445) 274-7995,mgr-132,Skills39,KV-Managers,Managers
Baxter,Zenia,Lectus Justo Eu Consulting,hendrerit.neque@Vivamuseuismod.com,Senior,Roxboro,(931) 302-6525,mgr-133,Skills39,KV-Managers,Managers
Michael,Jason,Est Ac Company,augue.id@tincidunttempus.co.uk,Senior,Ratlam,(198) 387-4160,mgr-134,Skills39,KV-Managers,Managers
Romero,Priscilla,Posuere Vulputate Limited,varius.Nam.porttitor@vulputate.edu,Senior,Buin,(322) 840-1380,mgr-135,Skills39,KV-Managers,Managers
Figueroa,Dennis,Pharetra PC,a.felis.ullamcorper@consequat.net,Senior,Goes,(997) 487-7153,mgr-136,Skills39,KV-Managers,Managers
Buchanan,Hanna,Cursus Purus Nullam Industries,velit@sodalespurusin.com,Senior,Placanica,(723) 667-1076,mgr-137,Skills39,KV-Managers,Managers
Rush,Charlotte,Euismod Urna LLC,eleifend.vitae.erat@musAenean.net,Senior,Floreffe,(427) 271-6978,mgr-138,Skills39,KV-Managers,Managers
Dunlap,Nasim,Pellentesque Sed Company,lobortis@nisisemsemper.org,Senior,Richmond,(478) 927-1171,mgr-139,Skills39,KV-Managers,Managers
Roy,Bruno,Nulla Cras Eu PC,amet.lorem.semper@vulputateveliteu.co.uk,Senior,Stirling,(692) 810-6168,mgr-140,Skills39,KV-Managers,Managers
Burks,Yardley,Donec Institute,imperdiet.non.vestibulum@telluseu.co.uk,Senior,Recanati,(477) 448-9043,mgr-141,Skills39,KV-Managers,Managers
Jimenez,Brian,Non Egestas A LLC,in.felis.Nulla@enimdiamvel.net,Senior,Sadiqabad,(208) 137-1220,mgr-142,Skills39,KV-Managers,Managers
Nash,Yuri,Lectus Institute,nibh@nunc.com,Senior,North Barrackpur,(914) 682-3091,mgr-143,Skills39,KV-Managers,Managers
Andrews,Britanni,Nulla Interdum Curabitur Corporation,lorem.eu.metus@ullamcorper.ca,Senior,Sant'Onofrio,(379) 166-8681,mgr-144,Skills39,KV-Managers,Managers
Reeves,Mara,Lectus Rutrum LLP,non.lobortis@necmalesuadaut.co.uk,Senior,Merseburg,(952) 559-3851,mgr-145,Skills39,KV-Managers,Managers
Farrell,Ulla,Quisque Libero Lacus Corporation,ut.pellentesque.eget@laoreet.com,Senior,Alès,(729) 467-4718,mgr-146,Skills39,KV-Managers,Managers
Solomon,Rosalyn,Tempor Bibendum Company,at.fringilla@porttitorscelerisque.org,Senior,Woutersbrakel,(611) 310-1193,mgr-147,Skills39,KV-Managers,Managers
Fitzpatrick,Gwendolyn,Non Feugiat Corporation,lectus.ante@luctuslobortis.ca,Senior,Harelbeke,(728) 555-9846,mgr-148,Skills39,KV-Managers,Managers
Gaines,Brenden,Sed Orci Lobortis Incorporated,Suspendisse.eleifend.Cras@orcilacusvestibulum.ca,Senior,Oostkerke,(845) 184-8262,mgr-149,Skills39,KV-Managers,Managers
Mcmillan,Alexander,Proin Vel Nisl PC,arcu@et.com,Senior,Bristol,(613) 143-6343,mgr-150,Skills39,KV-Managers,Managers
Travis,Acton,Ac Fermentum Vel Ltd,sit.amet@milaciniamattis.org,Senior,Bossut-Gottechain,(934) 448-1549,mgr-151,Skills39,KV-Managers,Managers
Hunt,Kevyn,Vel Incorporated,non.luctus@varius.ca,Senior,Monte Santa Maria Tiberina,(985) 907-6134,mgr-152,Skills39,KV-Managers,Managers
Herring,Zenia,Venenatis PC,vulputate.nisi@aliquetsem.co.uk,Senior,Thunder Bay,(143) 735-1221,mgr-153,Skills39,KV-Managers,Managers
Pacheco,Tatyana,Vehicula Pellentesque Tincidunt Corp.,facilisis@ante.ca,Senior,Faisalabad,(727) 161-9712,mgr-154,Skills39,KV-Managers,Managers
Knowles,Chantale,Gravida Nunc Sed Ltd,elit.Nulla@Namligula.ca,Senior,Sauris,(166) 306-9478,mgr-155,Skills39,KV-Managers,Managers
Knight,Tatiana,Senectus Et Company,at@erateget.net,Senior,Frigento,(346) 574-1019,mgr-156,Skills39,KV-Managers,Managers
Oneal,Jasmine,Netus Industries,tempor@quam.net,Senior,Calvi Risorta,(528) 190-5021,mgr-157,Skills39,KV-Managers,Managers
Lloyd,Lucas,Metus Aenean Corp.,feugiat@ornare.com,Senior,Bangor,(981) 957-9906,mgr-158,Skills39,KV-Managers,Managers
Mcguire,Maia,Imperdiet Non Associates,enim.Mauris@sapien.com,Senior,Almere,(577) 427-2873,mgr-159,Skills39,KV-Managers,Managers
Patel,Althea,Facilisis Lorem LLC,risus.at@consequat.org,Senior,Cuddalore,(969) 510-3564,mgr-160,Skills39,KV-Managers,Managers
Brooks,Jorden,Dictum Consulting,nunc.interdum.feugiat@arcu.com,Senior,Arviat,(710) 254-0342,mgr-161,Skills39,KV-Managers,Managers
Brooks,Ryan,Aliquet Consulting,rhoncus.Donec@cursusInteger.co.uk,Senior,Darion,(547) 386-2846,mgr-162,Skills39,KV-Managers,Managers
Richard,Deirdre,Eu Elit Ltd,Cum.sociis@imperdiet.net,Senior,Mazenzele,(294) 464-7111,mgr-163,Skills39,KV-Managers,Managers
Blankenship,Gannon,Tincidunt Adipiscing Corp.,blandit@idliberoDonec.ca,Senior,HomprŽ,(309) 191-9527,mgr-164,Skills39,KV-Managers,Managers
Mccarthy,Florence,Integer Tincidunt LLP,tortor.Nunc@neque.co.uk,Senior,Neu-Ulm,(922) 975-5925,mgr-165,Skills39,KV-Managers,Managers
Dunlap,Kaseem,Elit Elit Corp.,egestas.Fusce@et.org,Senior,Meerut Cantonment,(157) 863-6555,mgr-166,Skills39,KV-Managers,Managers
Obrien,Yolanda,Mi Duis PC,a.ultricies.adipiscing@ligulaconsectetuer.org,Senior,Tenali,(225) 661-8438,mgr-167,Skills39,KV-Managers,Managers
Mullins,Vernon,Cras Lorem Lorem Company,lorem@dapibusrutrumjusto.com,Senior,Eisleben,(464) 119-1736,mgr-168,Skills39,KV-Managers,Managers
Barnett,Pandora,In Corp.,a@litora.com,Senior,Orciano Pisano,(122) 769-1798,mgr-169,Skills39,KV-Managers,Managers
Cabrera,Declan,Interdum Incorporated,tincidunt.Donec@auctorodio.com,Senior,Akhisar,(179) 162-5841,mgr-170,Skills39,KV-Managers,Managers
Chen,Larissa,Cursus LLP,a@orciPhasellusdapibus.co.uk,Senior,Amiens,(420) 863-4635,mgr-171,Skills39,KV-Managers,Managers
Dotson,Ashely,Sit Associates,odio.semper@turpis.org,Senior,Cádiz,(278) 154-6763,mgr-172,Skills39,KV-Managers,Managers
Bryan,Austin,Ut Erat Sed Ltd,a@molestieSed.ca,Senior,Puerto Varas,(973) 134-5446,mgr-173,Skills39,KV-Managers,Managers
Cobb,Noah,Morbi Corporation,pede@afacilisisnon.org,Senior,Grembergen,(859) 971-9932,mgr-174,Skills39,KV-Managers,Managers
Faulkner,Rudyard,Faucibus Associates,pretium@velitCras.edu,Senior,Rae Bareli,(578) 161-8676,mgr-175,Skills39,KV-Managers,Managers
Chase,Delilah,Enim Consequat Purus Incorporated,et@arcu.edu,Senior,Hagen,(477) 998-7239,mgr-176,Skills39,KV-Managers,Managers
Shelton,Karina,Ornare Egestas Ligula Corp.,sodales.nisi.magna@tortorInteger.com,Senior,Melle,(930) 743-0865,mgr-177,Skills39,KV-Managers,Managers
Becker,Savannah,Commodo Hendrerit Limited,nec@enim.org,Senior,Drumheller,(830) 464-2686,mgr-178,Skills39,KV-Managers,Managers
Compton,Cherokee,Lectus Ltd,risus@malesuadaid.com,Senior,Felixstowe,(138) 709-6091,mgr-179,Skills39,KV-Managers,Managers
Jennings,Darius,Molestie Tellus Incorporated,mi.tempor@Fusce.ca,Senior,Lebbeke,(343) 997-2818,mgr-180,Skills39,KV-Managers,Managers
Stafford,Kelly,Sem Industries,augue@mattisCras.com,Senior,Crewe,(823) 883-9897,mgr-181,Skills39,KV-Managers,Managers
Cooley,Yvonne,Orci Lobortis Augue Institute,neque@Vestibulumaccumsanneque.ca,Senior,Trois-Rivières,(245) 865-3046,mgr-182,Skills39,KV-Managers,Managers
James,Herman,Semper Erat LLP,natoque@pedemalesuada.org,Senior,Viggianello,(890) 433-4371,mgr-183,Skills39,KV-Managers,Managers
Sanchez,Erin,Turpis Vitae Foundation,Ut.tincidunt@varius.co.uk,Senior,Camponogara,(932) 811-6559,mgr-184,Skills39,KV-Managers,Managers
Palmer,Erica,Dictum Eu Associates,nisi@tellusfaucibusleo.ca,Senior,Concepción,(728) 165-6767,mgr-185,Skills39,KV-Managers,Managers
Salas,Eaton,Turpis Ltd,Mauris@eros.edu,Senior,Fulda,(537) 177-0996,mgr-186,Skills39,KV-Managers,Managers
Haynes,Julie,Enim Associates,Morbi.sit.amet@ipsumprimis.com,Senior,Springfield,(151) 411-5406,mgr-187,Skills39,KV-Managers,Managers
Kelley,Amanda,Ac Corporation,ullamcorper@a.ca,Senior,Alès,(972) 801-1497,mgr-188,Skills39,KV-Managers,Managers
Lawson,Tallulah,Maecenas PC,sapien@eusem.edu,Senior,Firenze,(576) 330-5162,mgr-189,Skills39,KV-Managers,Managers
Houston,Anika,Ultrices Limited,condimentum@dictumcursus.org,Senior,Putignano,(351) 158-1115,mgr-190,Skills39,KV-Managers,Managers
Mccullough,Odessa,Aliquet Diam Sed Foundation,neque@elitpretium.ca,Senior,Santa Coloma de Gramenet,(692) 748-5597,mgr-191,Skills39,KV-Managers,Managers
Estes,Sophia,Massa Integer PC,arcu.iaculis.enim@liberolacusvarius.org,Senior,La Ligua,(870) 275-3779,mgr-192,Skills39,KV-Managers,Managers
Cain,Lynn,Ornare Corporation,felis.Donec@augueeu.org,Senior,Castelmezzano,(939) 455-5349,mgr-193,Skills39,KV-Managers,Managers
Chase,Ira,Aliquam Nec Enim Industries,neque.vitae.semper@iaculisenimsit.co.uk,Senior,Vanderhoof,(791) 226-9338,mgr-194,Skills39,KV-Managers,Managers
Mercado,Selma,Et Inc.,at@Vestibulumaccumsanneque.org,Senior,Mazy,(786) 474-7457,mgr-195,Skills39,KV-Managers,Managers
Salas,Bethany,Neque Ltd,metus@iderat.edu,Senior,Braies/Prags,(756) 603-8934,mgr-196,Skills39,KV-Managers,Managers
Combs,Odette,Gravida Aliquam Company,Donec@acfacilisis.co.uk,Senior,Sutton,(636) 660-5140,mgr-197,Skills39,KV-Managers,Managers
Mckee,Abigail,Ullamcorper Duis At Corporation,ornare@loremegetmollis.org,Senior,Pitrufquén,(345) 456-7150,mgr-198,Skills39,KV-Managers,Managers
Cotton,Georgia,Non Institute,non.dapibus@leoelementumsem.ca,Senior,Merchtem,(383) 917-8647,mgr-199,Skills39,KV-Managers,Managers
Hunter,Tanek,Amet Corporation,pharetra.nibh.Aliquam@vel.com,Senior,Cartagena,(489) 213-4599,mgr-200,Skills39,KV-Managers,Managers
Reid,Cheryl,Vivamus Nisi Corp.,velit.Pellentesque.ultricies@nonfeugiat.org,Senior,Friedrichsdorf,(142) 993-2248,mgr-201,Skills39,KV-Managers,Managers
Buck,Hall,Tincidunt PC,aliquam@auctor.net,Senior,Chetwynd,(967) 646-2652,mgr-202,Skills39,KV-Managers,Managers
Rodriguez,Jeremy,Justo Praesent LLC,eu.accumsan.sed@Aeneaneuismodmauris.com,Senior,Greater Sudbury,(715) 363-5003,mgr-203,Skills39,KV-Managers,Managers
Terrell,Shaeleigh,Sed Corp.,elit@Vivamuseuismod.org,Senior,Beausejour,(756) 206-6655,mgr-204,Skills39,KV-Managers,Managers
Rosales,Lillian,Nunc Sit Amet Ltd,rutrum.eu@aliquetodioEtiam.edu,Senior,BertrŽe,(112) 296-2828,mgr-205,Skills39,KV-Managers,Managers
Osborn,Quin,Nullam Industries,nonummy.ipsum@milorem.com,Senior,Almería,(217) 923-2807,mgr-206,Skills39,KV-Managers,Managers
Tucker,Shad,Fusce Inc.,interdum.Nunc@vehicula.com,Senior,Mülheim,(535) 735-2895,mgr-207,Skills39,KV-Managers,Managers
Taylor,Jenette,Felis Ullamcorper Viverra Ltd,Cum.sociis.natoque@aliquetdiamSed.edu,Senior,Torno,(440) 296-2591,mgr-208,Skills39,KV-Managers,Managers
Pollard,Marcia,Vivamus Molestie PC,parturient@vel.com,Senior,Timon,(722) 622-6496,mgr-209,Skills39,KV-Managers,Managers
Calderon,Zeus,Ac Ipsum LLC,nibh@nequevitaesemper.net,Senior,Ulm,(311) 162-4211,mgr-210,Skills39,KV-Managers,Managers
Higgins,Lavinia,Urna Nec Corporation,montes.nascetur.ridiculus@arcuVestibulumante.ca,Senior,Ebenthal in Kärnten,(629) 895-8092,mgr-211,Skills39,KV-Managers,Managers
Galloway,Allen,Dis Parturient Industries,Phasellus@infaucibus.org,Senior,Vlissegem,(406) 398-3714,mgr-212,Skills39,KV-Managers,Managers
Guerra,Dieter,At Lacus Quisque PC,Ut.nec@porttitoreros.org,Senior,Pi?a,(915) 847-1937,mgr-213,Skills39,KV-Managers,Managers
Sloan,Vivien,Sit Associates,lorem@nonummyipsumnon.ca,Senior,Kleinmachnow,(384) 894-5737,mgr-214,Skills39,KV-Managers,Managers
Woodard,Chantale,Metus Eu Erat Inc.,ullamcorper.Duis@cursusa.edu,Senior,Sundrie,(503) 593-8366,mgr-215,Skills39,KV-Managers,Managers
Obrien,Magee,Leo Ltd,erat@at.edu,Senior,Opprebais,(361) 654-1019,mgr-216,Skills39,KV-Managers,Managers
Rush,Jerome,Pellentesque Sed Dictum Incorporated,ullamcorper@vel.co.uk,Senior,Vitry-sur-Seine,(378) 221-1055,mgr-217,Skills39,KV-Managers,Managers
Monroe,Cadman,In Condimentum Donec Ltd,Integer@tempusscelerisque.co.uk,Senior,Austin,(164) 543-8446,mgr-218,Skills39,KV-Managers,Managers
Barr,Tad,Sem Consequat Industries,Morbi@enimCurabitur.co.uk,Senior,Rosolini,(435) 378-6790,mgr-219,Skills39,KV-Managers,Managers
Rutledge,Oliver,Integer Foundation,vestibulum.massa.rutrum@tellus.ca,Senior,Crehen,(683) 869-5679,mgr-220,Skills39,KV-Managers,Managers
Greene,Allistair,Nisi Inc.,dictum@sitamet.com,Senior,Kota,(838) 186-4352,mgr-221,Skills39,KV-Managers,Managers
Logan,Jordan,Morbi Corp.,sed@velpede.org,Senior,Marilles,(528) 464-9742,mgr-222,Skills39,KV-Managers,Managers
Yates,Kermit,Ipsum PC,malesuada.fames.ac@massa.ca,Senior,Narcao,(904) 589-2636,mgr-223,Skills39,KV-Managers,Managers
Sampson,Emma,Sit Amet Lorem Associates,commodo.at@Etiam.com,Senior,Kirkland,(496) 552-6493,mgr-224,Skills39,KV-Managers,Managers
Sullivan,Chancellor,Molestie Industries,sociis@odio.co.uk,Senior,Roux-Miroir,(188) 195-2434,mgr-225,Skills39,KV-Managers,Managers
Hunt,Yoko,Pede Nunc Sed Associates,Quisque.nonummy@semperduilectus.net,Senior,Eisleben,(301) 602-0700,mgr-226,Skills39,KV-Managers,Managers
Watts,Jasper,Pede Malesuada Vel Foundation,in.molestie.tortor@ornare.ca,Senior,Orta San Giulio,(676) 338-3602,mgr-227,Skills39,KV-Managers,Managers
Sargent,Piper,Non Sollicitudin A Inc.,sed@eratvolutpat.com,Senior,Stendal,(433) 714-2030,mgr-228,Skills39,KV-Managers,Managers
Ross,Maisie,In Felis Industries,quis.turpis@dolorelit.net,Senior,Bonlez,(767) 305-9701,mgr-229,Skills39,KV-Managers,Managers
Whitney,Troy,Nullam Vitae Ltd,nibh.Donec.est@faucibus.edu,Senior,Rutten,(300) 207-0443,mgr-230,Skills39,KV-Managers,Managers
Hurley,Victoria,Adipiscing Elit Etiam Company,hendrerit.a.arcu@nonhendreritid.co.uk,Senior,Spoleto,(428) 896-7847,mgr-231,Skills39,KV-Managers,Managers
Lester,Demetrius,Eget Dictum Company,lorem.eu.metus@nullaante.com,Senior,Halle,(132) 573-9911,mgr-232,Skills39,KV-Managers,Managers
Campos,Stewart,Enim Nunc Limited,montes.nascetur@Donecfringilla.ca,Senior,Lauw,(872) 917-7465,mgr-233,Skills39,KV-Managers,Managers
Wilkinson,Deacon,Ut Nisi A LLP,dapibus.rutrum.justo@utaliquam.net,Senior,Proddatur,(350) 483-3142,mgr-234,Skills39,KV-Managers,Managers
Carpenter,Eric,Ridiculus Mus Aenean Corporation,dolor@cubilia.org,Senior,Itajaí,(145) 426-0914,mgr-235,Skills39,KV-Managers,Managers
Christian,Sharon,Sapien Imperdiet LLP,luctus.lobortis.Class@dolorelit.com,Senior,Bismil,(255) 376-2221,mgr-236,Skills39,KV-Managers,Managers
Witt,Joan,Tellus Sem Mollis Incorporated,Vivamus.euismod.urna@et.net,Senior,Robelmont,(691) 445-5152,mgr-237,Skills39,KV-Managers,Managers
Jordan,Stella,Quisque Nonummy Ipsum Industries,vel.est@risus.co.uk,Senior,Rajahmundry,(632) 128-7446,mgr-238,Skills39,KV-Managers,Managers
Mccoy,Sage,Egestas Company,porta.elit.a@mifringilla.com,Senior,Cuddalore,(107) 346-4760,mgr-239,Skills39,KV-Managers,Managers
Robinson,Anastasia,Diam At Pretium Corp.,nec.ante.Maecenas@litoratorquentper.net,Senior,Helchteren,(284) 289-4508,mgr-240,Skills39,KV-Managers,Managers
Rosario,Quinlan,In Ltd,felis@faucibus.co.uk,Senior,Caledon,(241) 743-3220,mgr-241,Skills39,KV-Managers,Managers
Holden,Reuben,Sed Auctor Odio LLP,Nullam@ligulaAeneaneuismod.org,Senior,Rinconada,(950) 806-2342,mgr-242,Skills39,KV-Managers,Managers
Case,Amena,Malesuada Fringilla Est Industries,dictum.ultricies.ligula@ettristiquepellentesque.ca,Senior,Boston,(122) 262-9717,mgr-243,Skills39,KV-Managers,Managers
Charles,Nissim,Metus In Corp.,ultrices.Duis.volutpat@ante.net,Senior,Queilén,(592) 658-1007,mgr-244,Skills39,KV-Managers,Managers
Burton,Hop,Turpis Limited,sagittis@ac.org,Senior,Blind River,(531) 790-2180,mgr-245,Skills39,KV-Managers,Managers
Campbell,Hakeem,Ut Dolor Dapibus Company,egestas.Aliquam@libero.org,Senior,Wallasey,(343) 604-9588,mgr-246,Skills39,KV-Managers,Managers
Franco,Caldwell,Massa Incorporated,Curabitur.sed@Proin.org,Senior,Thionville,(254) 380-7937,mgr-247,Skills39,KV-Managers,Managers
Obrien,Blythe,Purus Corporation,cursus@aliquamadipiscing.co.uk,Senior,Maintal,(137) 321-0170,mgr-248,Skills39,KV-Managers,Managers
Gilmore,Rhoda,Mollis Duis Sit Corporation,et@magnaUt.net,Senior,Cleveland,(788) 170-0109,mgr-249,Skills39,KV-Managers,Managers
Cardenas,Kuame,Orci Quis Lectus Consulting,lacinia.Sed@Aliquameratvolutpat.com,Senior,Jemappes,(877) 191-9252,mgr-250,Skills39,KV-Managers,Managers
Nolan,Erin,Lacus Etiam Bibendum Ltd,metus.Aenean.sed@vitaeposuereat.co.uk,Senior,Irricana,(799) 299-2447,mgr-251,Skills39,KV-Managers,Managers
Snider,Fredericka,Quisque LLC,tempor@non.ca,Senior,Holyhead,(353) 263-5831,mgr-252,Skills39,KV-Managers,Managers
Moon,Dennis,Donec LLC,convallis.dolor.Quisque@dictumultricies.edu,Senior,Caplan,(395) 891-6659,mgr-253,Skills39,KV-Managers,Managers
Clemons,Hasad,Sed Limited,turpis.In@gravidasit.edu,Senior,San Pedro de la Paz,(465) 411-9048,mgr-254,Skills39,KV-Managers,Managers
Dennis,Casey,Donec Consulting,non.ante@Crassedleo.edu,Senior,Saskatoon,(664) 766-7462,mgr-255,Skills39,KV-Managers,Managers
Alford,Felix,Elit Corp.,Cras.eu.tellus@Namacnulla.co.uk,Senior,Rocourt,(468) 988-0626,mgr-256,Skills39,KV-Managers,Managers
Golden,Cheryl,Elit Foundation,Sed@nullaanteiaculis.co.uk,Senior,Emden,(432) 935-4816,mgr-257,Skills39,KV-Managers,Managers
Oconnor,Dai,Velit Pellentesque Ultricies Ltd,lacus.Mauris.non@pharetra.ca,Senior,Latisana,(448) 451-5878,mgr-258,Skills39,KV-Managers,Managers
Raymond,Seth,Sit Amet Lorem LLP,Vestibulum.accumsan.neque@ipsum.co.uk,Senior,Avise,(822) 702-4144,mgr-259,Skills39,KV-Managers,Managers
Lopez,Chiquita,Dolor Quisque Tincidunt Industries,Donec.est@sagittisDuis.ca,Senior,Villarrica,(331) 554-5357,mgr-260,Skills39,KV-Managers,Managers
Jennings,Marsden,Egestas Inc.,eget.mollis.lectus@sodaleselit.edu,Senior,Irricana,(802) 183-1132,mgr-261,Skills39,KV-Managers,Managers
Dawson,Galena,Donec Est Limited,purus.ac@risusNulla.net,Senior,Mysore,(979) 168-9989,mgr-262,Skills39,KV-Managers,Managers
Hatfield,Nathan,Nullam Lobortis Foundation,magna.Sed.eu@odioPhasellus.ca,Senior,Erpion,(382) 150-6563,mgr-263,Skills39,KV-Managers,Managers
Franks,Steven,In Mi Incorporated,nec.imperdiet@Quisqueliberolacus.org,Senior,Zwijnaarde,(927) 737-3946,mgr-264,Skills39,KV-Managers,Managers
Waller,Brynn,Molestie Corp.,quis.diam@estNunclaoreet.net,Senior,Bridgend,(873) 542-9771,mgr-265,Skills39,KV-Managers,Managers
Medina,Violet,Velit LLC,sagittis.felis@enimcondimentum.ca,Senior,Pinkafeld,(520) 340-3246,mgr-266,Skills39,KV-Managers,Managers
Hughes,Belle,Praesent Interdum PC,Vivamus.nisi.Mauris@tinciduntnequevitae.org,Senior,Albagiara,(303) 510-0402,mgr-267,Skills39,KV-Managers,Managers
Greer,Dominic,Ut Ltd,natoque.penatibus@Crassedleo.edu,Senior,Aiello Calabro,(851) 254-2528,mgr-268,Skills39,KV-Managers,Managers
Stokes,Xanthus,Rutrum Non Ltd,sem@mattisvelitjusto.ca,Senior,Muzaffargarh,(716) 620-3158,mgr-269,Skills39,KV-Managers,Managers
Stanley,Amber,Eu Ultrices Sit Inc.,dictum@Mauris.edu,Senior,Gap,(458) 741-8414,mgr-270,Skills39,KV-Managers,Managers
Hogan,Keegan,Justo Praesent LLC,Sed.nec.metus@sitamet.edu,Senior,Canino,(789) 763-3496,mgr-271,Skills39,KV-Managers,Managers
Beck,Benjamin,Tempor Lorem Eget Foundation,nonummy.ipsum.non@sitamet.edu,Senior,Newport News,(522) 960-2080,mgr-272,Skills39,KV-Managers,Managers
Mcdaniel,Maris,Enim LLC,dapibus.quam@loremDonecelementum.co.uk,Senior,Perth,(478) 267-7705,mgr-273,Skills39,KV-Managers,Managers
Bryan,Cameran,Nisi Magna Sed Associates,condimentum.Donec.at@lorem.edu,Senior,Fiumara,(652) 958-5725,mgr-274,Skills39,KV-Managers,Managers
Hill,Helen,Eu Dolor Egestas LLC,sit@vestibulum.org,Senior,Mandya,(119) 381-4827,mgr-275,Skills39,KV-Managers,Managers
Brady,Kennedy,Pellentesque Habitant Morbi Corp.,blandit.Nam@VivamusrhoncusDonec.net,Senior,Dilsen-Stokkem,(365) 649-6942,mgr-276,Skills39,KV-Managers,Managers
Moon,Kim,Ullamcorper Duis Industries,vel.nisl@habitantmorbi.co.uk,Senior,Morena,(883) 418-9554,mgr-277,Skills39,KV-Managers,Managers
Duncan,Isadora,Non Enim Commodo Associates,tincidunt.tempus.risus@euismodetcommodo.ca,Senior,Cranbrook,(811) 724-6712,mgr-278,Skills39,KV-Managers,Managers
Strong,Cailin,Donec Egestas Aliquam Corporation,tempor.arcu@nislarcuiaculis.com,Senior,San Miguel,(679) 192-2907,mgr-279,Skills39,KV-Managers,Managers
Sexton,Chase,Malesuada Vel Foundation,risus.In@euismod.edu,Senior,Moulins,(409) 241-7842,mgr-280,Skills39,KV-Managers,Managers
Smith,Arsenio,Turpis Incorporated,euismod.in@AeneanmassaInteger.com,Senior,Saint-Servais,(153) 929-3471,mgr-281,Skills39,KV-Managers,Managers
Keller,Simone,Interdum Curabitur Dictum Foundation,pharetra.nibh@vitae.co.uk,Senior,Mumbai,(759) 487-0679,mgr-282,Skills39,KV-Managers,Managers
Mccarty,Harper,Nulla Cras Ltd,id.nunc.interdum@Utnecurna.com,Senior,Haddington,(550) 126-5916,mgr-283,Skills39,KV-Managers,Managers
Peck,Vivian,Eu Accumsan Sed Consulting,nunc.sed@bibendumDonec.co.uk,Senior,GrivegnŽe,(362) 694-0119,mgr-284,Skills39,KV-Managers,Managers
Booth,Rinah,Pede Sagittis Augue Foundation,pede.blandit.congue@facilisisvitaeorci.net,Senior,Mönchengladbach,(341) 675-1322,mgr-285,Skills39,KV-Managers,Managers
Erickson,Jared,Tempor Arcu Corp.,leo.Morbi@a.org,Senior,Tarrasa,(596) 793-7937,mgr-286,Skills39,KV-Managers,Managers
Suarez,Inez,Nunc Corporation,consectetuer.adipiscing.elit@imperdiet.co.uk,Senior,San Sebastiano al Vesuvio,(820) 453-1269,mgr-287,Skills39,KV-Managers,Managers
Medina,Drew,Dictum Sapien Company,aliquet.Proin@luctus.net,Senior,Imphal,(643) 594-9824,mgr-288,Skills39,KV-Managers,Managers
Livingston,Solomon,Laoreet Lectus Quis Corp.,tristique.pharetra@In.edu,Senior,Frascati,(132) 588-4334,mgr-289,Skills39,KV-Managers,Managers
Reeves,Lillian,Phasellus Libero Company,arcu.eu@netusetmalesuada.ca,Senior,Amiens,(128) 598-9795,mgr-290,Skills39,KV-Managers,Managers
Sykes,Kimberly,Egestas Ltd,ut.nulla.Cras@porttitor.org,Senior,Zirl,(712) 669-3815,mgr-291,Skills39,KV-Managers,Managers
Underwood,Howard,Arcu Vestibulum Ante Inc.,mi@dapibusligulaAliquam.org,Senior,Angol,(926) 408-3900,mgr-292,Skills39,KV-Managers,Managers
Bowman,Reece,Erat Semper Rutrum Foundation,dolor.egestas.rhoncus@sodalesMauris.com,Senior,Biloxi,(571) 776-7479,mgr-293,Skills39,KV-Managers,Managers
Paul,Hermione,Diam Sed Diam Corp.,leo.in.lobortis@rutrum.ca,Senior,San Rafael,(494) 111-5796,mgr-294,Skills39,KV-Managers,Managers
Frank,Lara,Viverra Maecenas Iaculis Corp.,dui.Fusce@gravida.com,Senior,Satara,(492) 435-9449,mgr-295,Skills39,KV-Managers,Managers
Fowler,Lewis,Faucibus Orci Corp.,lectus@nisimagna.ca,Senior,Kapfenberg,(153) 391-1398,mgr-296,Skills39,KV-Managers,Managers
Grimes,Jerry,Pellentesque Ultricies PC,at@miloremvehicula.co.uk,Senior,Torgnon,(926) 622-0772,mgr-297,Skills39,KV-Managers,Managers
Yates,Maxwell,Quis Arcu Institute,a@odio.edu,Senior,Strausberg,(767) 107-9585,mgr-298,Skills39,KV-Managers,Managers
Lowery,Marcia,Purus In Inc.,amet@nisia.edu,Senior,Coassolo Torinese,(209) 532-2401,mgr-299,Skills39,KV-Managers,Managers
Cameron,Cedric,Elit Pede Malesuada Company,facilisis.lorem@dui.net,Senior,Laarne,(786) 978-2058,mgr-300,Skills39,KV-Managers,Managers
Wright,Thor,Aptent LLP,consequat.lectus@et.ca,Senior,Port Augusta,(495) 644-2639,mgr-301,Skills39,KV-Managers,Managers
Stevens,Abel,Fermentum Metus Aenean Company,Nam.nulla.magna@risus.net,Senior,Recklinghausen,(173) 912-8950,mgr-302,Skills39,KV-Managers,Managers
Dorsey,Bertha,Faucibus Lectus Corp.,Proin@eget.net,Senior,Sasaram,(358) 349-6045,mgr-303,Skills39,KV-Managers,Managers
Buchanan,Adara,Feugiat Metus Ltd,elementum.sem@dictum.co.uk,Senior,Tuscaloosa,(618) 446-6472,mgr-304,Skills39,KV-Managers,Managers
Shepard,Megan,Nisi Nibh Corp.,Curabitur.vel@dictumeu.com,Senior,Palagianello,(124) 772-6957,mgr-305,Skills39,KV-Managers,Managers
Nash,Cameron,Turpis Incorporated,sodales.Mauris@acliberonec.org,Senior,Bathurst,(706) 167-4481,mgr-306,Skills39,KV-Managers,Managers
Lloyd,Kimberley,Laoreet Corp.,nunc.sed.pede@lacusAliquamrutrum.co.uk,Senior,Poggiorsini,(397) 267-5838,mgr-307,Skills39,KV-Managers,Managers
Phillips,Ursula,Lobortis Mauris LLC,ligula.tortor@Sedmolestie.com,Senior,Franeker,(860) 274-1805,mgr-308,Skills39,KV-Managers,Managers
Miller,Katelyn,Et Euismod Et LLC,Ut.semper@Suspendissenon.edu,Senior,Penna in Teverina,(445) 394-9292,mgr-309,Skills39,KV-Managers,Managers
Sears,Simone,Non Hendrerit Id Corp.,amet.consectetuer@sitametnulla.co.uk,Senior,Muridke,(467) 409-7417,mgr-310,Skills39,KV-Managers,Managers
Smith,Clayton,Ridiculus Consulting,nisi.nibh.lacinia@Nuncut.net,Senior,Dereham,(269) 526-1196,mgr-311,Skills39,KV-Managers,Managers
William,Kaseem,Semper Auctor Mauris Foundation,scelerisque@conubia.edu,Senior,Hasselt,(666) 549-6854,mgr-312,Skills39,KV-Managers,Managers
Meyers,Reece,Eu Augue Porttitor Industries,mauris.a@pharetra.com,Senior,North Las Vegas,(470) 476-2287,mgr-313,Skills39,KV-Managers,Managers
Sullivan,Vanna,Montes Foundation,accumsan@interdum.org,Senior,Dublin,(255) 937-9412,mgr-314,Skills39,KV-Managers,Managers
Snider,Len,Parturient Montes Incorporated,lectus.Cum@semperetlacinia.co.uk,Senior,Avernas-le-Bauduin,(783) 665-9293,mgr-315,Skills39,KV-Managers,Managers
Mccormick,Thane,Ullamcorper Limited,Morbi.accumsan.laoreet@velit.ca,Senior,Logan City,(365) 559-8554,mgr-316,Skills39,KV-Managers,Managers
Davenport,Ariana,Sed Malesuada Foundation,in.felis@molestie.edu,Senior,Río Verde,(786) 417-3699,mgr-317,Skills39,KV-Managers,Managers
Cervantes,Selma,Vel Nisl Inc.,et.eros@quis.co.uk,Senior,Rivello,(535) 809-9367,mgr-318,Skills39,KV-Managers,Managers
Spence,Jack,Erat Ltd,dictum@Etiamgravidamolestie.edu,Senior,Monceau-Imbrechies,(694) 421-8552,mgr-319,Skills39,KV-Managers,Managers
Guzman,Hamish,Eget Odio Aliquam Ltd,purus.in@sociis.net,Senior,Merksplas,(657) 600-4842,mgr-320,Skills39,KV-Managers,Managers
Gray,Eve,Sem Ut Cursus Inc.,sit.amet@IntegerurnaVivamus.net,Senior,?skenderun,(484) 879-0754,mgr-321,Skills39,KV-Managers,Managers
Whitney,Cole,Elit Curabitur Associates,facilisis.Suspendisse.commodo@massarutrum.edu,Senior,Calder,(738) 532-4238,mgr-322,Skills39,KV-Managers,Managers
Estrada,Piper,Magnis Dis Parturient Industries,In@inceptoshymenaeos.edu,Senior,Alcobendas,(766) 750-1681,mgr-323,Skills39,KV-Managers,Managers
Byers,Penelope,Lectus LLP,sagittis@semelit.co.uk,Senior,Garbsen,(664) 468-8361,mgr-324,Skills39,KV-Managers,Managers
Kirkland,Chaney,Dictum Corporation,penatibus@ipsumPhasellusvitae.net,Senior,Ancud,(180) 465-2811,mgr-325,Skills39,KV-Managers,Managers
Ayala,Uriah,At Iaculis Quis Corporation,porttitor.interdum.Sed@indolor.edu,Senior,Filadelfia,(888) 245-5708,mgr-326,Skills39,KV-Managers,Managers
Macias,Daria,Magna Consulting,libero@Sedet.com,Senior,Cincinnati,(273) 365-0287,mgr-327,Skills39,KV-Managers,Managers
Gay,Minerva,Faucibus Associates,fermentum.metus@metusurnaconvallis.edu,Senior,Montauban,(406) 453-3131,mgr-328,Skills39,KV-Managers,Managers
Mann,Mufutau,Nam Consequat Corporation,ut.nulla.Cras@quis.edu,Senior,Mandurah,(709) 246-1765,mgr-329,Skills39,KV-Managers,Managers
Torres,Carter,Odio Vel Est Inc.,faucibus.ut@malesuada.co.uk,Senior,Seydi?ehir,(195) 879-7090,mgr-330,Skills39,KV-Managers,Managers
Carson,Price,Ipsum Institute,ipsum@Integereu.edu,Senior,Trivigno,(395) 395-5897,mgr-331,Skills39,KV-Managers,Managers
Ford,Stewart,Lorem Company,amet.metus.Aliquam@nonenim.com,Senior,San José de Maipo,(475) 315-0736,mgr-332,Skills39,KV-Managers,Managers
Harper,Dennis,Per Inceptos Limited,purus.Nullam@sollicitudin.com,Senior,Coalhurst,(653) 914-3764,mgr-333,Skills39,KV-Managers,Managers
Waters,Phoebe,Sodales Nisi Incorporated,placerat.orci.lacus@Sed.edu,Senior,Vallepietra,(956) 359-3350,mgr-334,Skills39,KV-Managers,Managers
Ellison,Chava,Quis Tristique Ac Institute,lacus@eu.com,Senior,Itanagar,(859) 885-2644,mgr-335,Skills39,KV-Managers,Managers
Fitzgerald,Aquila,Enim Etiam Corp.,urna.et.arcu@Proin.co.uk,Senior,Joncret,(297) 344-4889,mgr-336,Skills39,KV-Managers,Managers
Moses,Hope,Lobortis Augue Scelerisque Corp.,gravida.mauris@metus.com,Senior,Folkestone,(252) 282-0804,mgr-337,Skills39,KV-Managers,Managers
Frazier,Aquila,Vel Corporation,feugiat.metus@sollicitudinadipiscingligula.edu,Senior,Norman,(724) 732-0373,mgr-338,Skills39,KV-Managers,Managers
Madden,Taylor,Curabitur Associates,eu.metus@duiFuscealiquam.edu,Senior,Itzehoe,(408) 476-9397,mgr-339,Skills39,KV-Managers,Managers
Barnett,Francis,Dui Quis Inc.,est@nulla.com,Senior,Sagamu,(970) 851-3794,mgr-340,Skills39,KV-Managers,Managers
Peterson,Reuben,Scelerisque Lorem Ipsum Corp.,vitae.posuere.at@scelerisque.org,Senior,Caerphilly,(818) 617-0497,mgr-341,Skills39,KV-Managers,Managers
Mcdaniel,Price,Donec Tincidunt Donec Institute,erat.eget@metus.edu,Senior,Los Álamos,(266) 282-1886,mgr-342,Skills39,KV-Managers,Managers
Rowe,Aphrodite,Magna Phasellus Foundation,Sed.eu.eros@idante.org,Senior,Pimpri-Chinchwad,(271) 914-1722,mgr-343,Skills39,KV-Managers,Managers
Garcia,Tasha,Eu LLC,Nulla@vestibulum.com,Senior,Talcahuano,(919) 415-6229,mgr-344,Skills39,KV-Managers,Managers
Mitchell,Anika,Ligula Elit Pretium LLP,neque.Nullam@loremfringilla.ca,Senior,Coinco,(351) 965-7454,mgr-345,Skills39,KV-Managers,Managers
Vaughn,Mona,Nulla Donec Non Associates,sagittis.Duis.gravida@liberoettristique.edu,Senior,Pontevedra,(798) 310-7368,mgr-346,Skills39,KV-Managers,Managers
Bell,Abra,Morbi Associates,at.lacus@Aliquamrutrum.com,Senior,Woodstock,(833) 950-3269,mgr-347,Skills39,KV-Managers,Managers
Carpenter,May,Sagittis Associates,malesuada.Integer.id@interdum.co.uk,Senior,Penzance,(473) 326-2447,mgr-348,Skills39,KV-Managers,Managers
French,Rinah,Luctus Ipsum Leo Foundation,ipsum.Donec@ultriciessem.com,Senior,Hondelange,(403) 172-9602,mgr-349,Skills39,KV-Managers,Managers
Valencia,Evelyn,Justo Praesent Luctus Associates,gravida@loremipsumsodales.edu,Senior,Houthalen-Helchteren,(179) 423-5598,mgr-350,Skills39,KV-Managers,Managers
Cunningham,Sawyer,Sem Eget PC,Curabitur.massa@Morbi.edu,Senior,Harlow,(216) 590-3254,vst-001,Skills39,KV-Visitors,Visitors
Fuller,Dara,Ornare Corporation,quam@penatibus.co.uk,Senior,Stargard Szczeci?ski,(355) 422-8985,vst-002,Skills39,KV-Visitors,Visitors
Sanchez,Hyacinth,Tristique LLP,facilisi.Sed@ullamcorperDuiscursus.ca,Senior,Blaenau Ffestiniog,(536) 678-9044,vst-003,Skills39,KV-Visitors,Visitors
Montoya,Blake,Porttitor Vulputate Institute,risus@tinciduntvehicularisus.org,Senior,Bolzano Vicentino,(989) 654-4788,vst-004,Skills39,KV-Visitors,Visitors
Hancock,Dorothy,Dolor Dapibus Gravida LLP,malesuada.fames@aliquet.org,Senior,Puerto Varas,(536) 475-4966,vst-005,Skills39,KV-Visitors,Visitors
Gilliam,Jack,Sed Congue LLP,rhoncus@cursusvestibulum.co.uk,Senior,Aschersleben,(160) 453-2911,vst-006,Skills39,KV-Visitors,Visitors
Newton,Indira,Rhoncus Foundation,ac.eleifend@ornarefacilisiseget.org,Senior,Richmond Hill,(275) 765-0601,vst-007,Skills39,KV-Visitors,Visitors
Acevedo,Benjamin,Odio Institute,dui@neceuismod.net,Senior,Calder,(542) 953-0855,vst-008,Skills39,KV-Visitors,Visitors
Hall,Vera,Vitae Incorporated,commodo@nonummyFusce.ca,Senior,Ganshoren,(951) 831-8323,vst-009,Skills39,KV-Visitors,Visitors
Hamilton,Yael,Pede Nunc Company,luctus.lobortis@aliquam.com,Senior,Antuco,(364) 271-2022,vst-010,Skills39,KV-Visitors,Visitors
Armstrong,Joel,Egestas Rhoncus Proin Industries,ante@maurisut.edu,Senior,Piovene Rocchette,(353) 691-1939,vst-011,Skills39,KV-Visitors,Visitors
Sawyer,Wylie,Elit Aliquam Auctor Foundation,lorem@ametdiameu.net,Senior,Pamel,(943) 656-3832,vst-012,Skills39,KV-Visitors,Visitors
Hayden,Neville,Suscipit Nonummy Fusce Industries,dolor.quam@facilisisnon.net,Senior,Verrès,(906) 391-4603,vst-013,Skills39,KV-Visitors,Visitors
Williams,Joshua,Egestas A Ltd,Donec@accumsan.org,Senior,Diepenbeek,(990) 562-9173,vst-014,Skills39,KV-Visitors,Visitors
Elliott,Katelyn,Primis Inc.,Nam.porttitor@commodoat.com,Senior,Pellezzano,(624) 117-4988,vst-015,Skills39,KV-Visitors,Visitors
Macias,Keelie,Nec Imperdiet Nec Incorporated,semper.tellus.id@ipsum.net,Senior,Bon Accord,(740) 450-9148,vst-016,Skills39,KV-Visitors,Visitors
Travis,Velma,Tortor Nunc Commodo Foundation,enim.nec@Aliquamornare.org,Senior,Bama,(939) 852-2425,vst-017,Skills39,KV-Visitors,Visitors
Sosa,Ezra,Nulla Corporation,lacus.Aliquam@Duisatlacus.edu,Senior,Enschede,(357) 253-5225,vst-018,Skills39,KV-Visitors,Visitors
Stevens,Zeus,Mus Proin Foundation,Phasellus.nulla.Integer@diamdictum.org,Senior,Secunderabad,(570) 595-3880,vst-019,Skills39,KV-Visitors,Visitors
Owens,Guinevere,Morbi Metus Vivamus Foundation,ac@vitaeodiosagittis.edu,Senior,Dieppe,(617) 546-8265,vst-020,Skills39,KV-Visitors,Visitors
Gentry,MacKenzie,Vitae Odio Foundation,a.aliquet.vel@purusaccumsan.org,Senior,Wageningen,(518) 174-5067,vst-021,Skills39,KV-Visitors,Visitors
Stephenson,Mallory,Aenean Egestas Hendrerit Limited,placerat.augue.Sed@vitaeeratvel.edu,Senior,Jaboatão dos Guararapes,(518) 700-5904,vst-022,Skills39,KV-Visitors,Visitors
Boyd,Macaulay,Purus Duis Consulting,dignissim.tempor@liberolacusvarius.com,Senior,Jupille-sur-Meuse,(189) 116-8767,vst-023,Skills39,KV-Visitors,Visitors
Cantrell,Slade,Sagittis Semper Nam PC,dapibus.quam@felisegetvarius.edu,Senior,Meppel,(737) 562-2647,vst-024,Skills39,KV-Visitors,Visitors
Gregory,Martena,Senectus Et Institute,ut@aliquetliberoInteger.net,Senior,Whitby,(158) 563-5443,vst-025,Skills39,KV-Visitors,Visitors
Roberson,Gemma,Erat Semper Company,diam.vel@arcuCurabitur.co.uk,Senior,l'Escaill�re,(410) 883-2472,vst-026,Skills39,KV-Visitors,Visitors
Cardenas,Selma,Proin Non Massa LLP,molestie@temporbibendumDonec.net,Senior,Calais,(904) 679-6269,vst-027,Skills39,KV-Visitors,Visitors
Espinoza,Inga,A Facilisis Non Corporation,lacinia@fringilla.co.uk,Senior,Habay-la-Vieille,(305) 538-8255,vst-028,Skills39,KV-Visitors,Visitors
Ballard,Solomon,Dictum Institute,ac@fermentumvel.org,Senior,Poucet,(911) 982-1512,vst-029,Skills39,KV-Visitors,Visitors
Pruitt,Alan,Malesuada Ut Sem Corp.,mattis.Cras@fermentum.ca,Senior,Hunstanton,(707) 699-7861,vst-030,Skills39,KV-Visitors,Visitors
Payne,Dorian,Fermentum Incorporated,lobortis.tellus.justo@velest.ca,Senior,Konin,(776) 455-8728,vst-031,Skills39,KV-Visitors,Visitors
Reid,Vincent,Risus Consulting,leo.in@vulputate.com,Senior,Sant'Eufemia a Maiella,(465) 840-5675,vst-032,Skills39,KV-Visitors,Visitors
Case,Eugenia,Vel Quam Dignissim Associates,egestas.a.scelerisque@consectetueripsumnunc.com,Senior,Morrovalle,(949) 283-5241,vst-033,Skills39,KV-Visitors,Visitors
Burns,Anthony,Mauris Quis Turpis Institute,luctus.et.ultrices@quamelementumat.co.uk,Senior,Boorsem,(967) 604-5827,vst-034,Skills39,KV-Visitors,Visitors
Hobbs,Sonya,Nibh Dolor Nonummy LLC,massa.Integer.vitae@etnetus.com,Senior,Leval-Chaudeville,(497) 421-3202,vst-035,Skills39,KV-Visitors,Visitors
Frost,Lunea,Integer Company,felis.eget@Aliquamnisl.edu,Senior,Stevoort,(297) 779-0101,vst-036,Skills39,KV-Visitors,Visitors
Hickman,Mikayla,Risus Foundation,Vestibulum.accumsan.neque@sitamet.com,Senior,Albagiara,(944) 960-8764,vst-037,Skills39,KV-Visitors,Visitors
Kinney,Porter,Sit Institute,luctus@volutpat.com,Senior,Vitrolles,(240) 425-3219,vst-038,Skills39,KV-Visitors,Visitors
Pierce,Vera,Dis PC,justo.sit.amet@magnis.com,Senior,Stokkem,(472) 469-0384,vst-039,Skills39,KV-Visitors,Visitors
Huff,Grace,Odio PC,feugiat@aliquam.com,Senior,Guilmi,(105) 872-0762,vst-040,Skills39,KV-Visitors,Visitors
Salas,Camden,Libero Morbi LLC,a.mi@auguescelerisque.com,Senior,March,(431) 352-2272,vst-041,Skills39,KV-Visitors,Visitors
Booth,Charde,Vitae Industries,vitae.odio@pedenonummy.org,Senior,Precenicco,(586) 629-7399,vst-042,Skills39,KV-Visitors,Visitors
Walter,Morgan,Blandit LLC,lorem.eget@odiosempercursus.net,Senior,Archennes,(257) 447-3887,vst-043,Skills39,KV-Visitors,Visitors
Flores,Ocean,Ullamcorper Velit LLC,magna@convalliserateget.edu,Senior,Inverbervie,(565) 300-3663,vst-044,Skills39,KV-Visitors,Visitors
Riddle,Paki,Dui LLP,risus.a@ascelerisquesed.net,Senior,Portigliola,(776) 820-8248,vst-045,Skills39,KV-Visitors,Visitors
Garza,Joshua,Phasellus Libero Mauris Limited,massa.Vestibulum.accumsan@metus.co.uk,Senior,Fernie,(160) 183-2523,vst-046,Skills39,KV-Visitors,Visitors
Yates,Kaden,Purus Sapien Corp.,dolor@rutrumnon.net,Senior,Palombaro,(760) 880-8410,vst-047,Skills39,KV-Visitors,Visitors
Wood,Bert,Etiam Corporation,In.nec.orci@nisisemsemper.edu,Senior,Sagar,(142) 848-2606,vst-048,Skills39,KV-Visitors,Visitors
Harding,Tallulah,Ornare Tortor At Corporation,mus.Proin@nunc.edu,Senior,Stoke-on-Trent,(152) 271-6346,vst-049,Skills39,KV-Visitors,Visitors
Whitney,Sage,Sit Amet Luctus Inc.,libero.at@lobortis.com,Senior,Pozna?,(967) 364-5459,vst-050,Skills39,KV-Visitors,Visitors
Winters,Naida,Mi Aliquam Consulting,ornare.elit.elit@indolor.com,Senior,Frigento,(983) 860-8459,vst-051,Skills39,KV-Visitors,Visitors
West,Diana,Elementum Lorem Ut Company,gravida.sagittis@adlitora.edu,Senior,Ostellato,(192) 301-3383,vst-052,Skills39,KV-Visitors,Visitors
Jacobson,Whilemina,Ut Nisi Incorporated,Nulla.eu.neque@semper.edu,Senior,Maranello,(702) 511-8956,vst-053,Skills39,KV-Visitors,Visitors
Morgan,Bianca,Fringilla Euismod Corporation,mattis.semper.dui@gravida.com,Senior,Puntarenas,(568) 718-9125,vst-054,Skills39,KV-Visitors,Visitors
Bullock,Aileen,Curabitur Dictum Phasellus Company,Duis.dignissim@consectetuermauris.co.uk,Senior,Chanco,(214) 905-5496,vst-055,Skills39,KV-Visitors,Visitors
Roberson,Jesse,Integer Associates,aliquet.molestie@enim.edu,Senior,Purral,(266) 220-4987,vst-056,Skills39,KV-Visitors,Visitors
Arnold,Hall,Ac Eleifend Vitae Limited,faucibus.Morbi.vehicula@amagna.edu,Senior,Porvenir,(638) 567-4718,vst-057,Skills39,KV-Visitors,Visitors
French,April,Suspendisse Foundation,id.erat.Etiam@urnaetarcu.ca,Senior,Altach,(489) 397-6097,vst-058,Skills39,KV-Visitors,Visitors
Cook,Shana,Orci Institute,tempus@dolor.net,Senior,Grimbergen,(822) 811-5833,vst-059,Skills39,KV-Visitors,Visitors
Donovan,Kai,Velit Sed Malesuada Institute,non@Sed.org,Senior,Neuville,(156) 550-5173,vst-060,Skills39,KV-Visitors,Visitors
Terry,Justin,Tristique Pharetra Quisque Industries,vitae.aliquam.eros@scelerisquenequeNullam.co.uk,Senior,Blevio,(738) 201-3313,vst-061,Skills39,KV-Visitors,Visitors
Harrell,Regan,Mattis LLP,felis.Donec@Etiambibendumfermentum.co.uk,Senior,Valbrevenna,(268) 892-0505,vst-062,Skills39,KV-Visitors,Visitors
Espinoza,Julie,Libero Morbi Limited,Quisque.fringilla.euismod@egestasnunc.net,Senior,Bama,(426) 509-2820,vst-063,Skills39,KV-Visitors,Visitors
Cantu,Shelly,Aliquet Company,mi.fringilla@torquentperconubia.co.uk,Senior,Nanded,(646) 908-7278,vst-064,Skills39,KV-Visitors,Visitors
Warren,Serina,Egestas A Dui Industries,Pellentesque.habitant.morbi@rhoncus.ca,Senior,Tywyn,(281) 326-9828,vst-065,Skills39,KV-Visitors,Visitors
Young,Bryar,Tortor At Inc.,Maecenas@ridiculusmus.org,Senior,Oban,(202) 276-2342,vst-066,Skills39,KV-Visitors,Visitors
Rodriquez,Coby,Mauris Vestibulum Consulting,vitae@ultriciesornare.ca,Senior,Bègles,(770) 491-6408,vst-067,Skills39,KV-Visitors,Visitors
Powers,Halee,Et Malesuada Fames Ltd,diam@lorem.edu,Senior,Attimis,(143) 640-3991,vst-068,Skills39,KV-Visitors,Visitors
Delaney,Maris,Duis Inc.,auctor.Mauris@imperdietnecleo.net,Senior,Helmsdale,(251) 734-4623,vst-069,Skills39,KV-Visitors,Visitors
Anthony,Lara,Tristique Aliquet Phasellus Corp.,egestas@etliberoProin.ca,Senior,Piegaro,(668) 304-5883,vst-070,Skills39,KV-Visitors,Visitors
Carr,Ayanna,Dapibus Gravida Incorporated,sagittis.lobortis@purus.edu,Senior,Pirmasens,(766) 867-8528,vst-071,Skills39,KV-Visitors,Visitors
Keith,Yvonne,Accumsan Convallis Ante Foundation,lorem@duiFusce.edu,Senior,Troyes,(185) 914-5651,vst-072,Skills39,KV-Visitors,Visitors
Fisher,Sean,Neque LLP,odio@ornareFusce.edu,Senior,Avadi,(218) 792-7825,vst-073,Skills39,KV-Visitors,Visitors
Douglas,Cecilia,Venenatis Lacus Etiam PC,pede@malesuadaaugueut.com,Senior,Beerst,(980) 573-0998,vst-074,Skills39,KV-Visitors,Visitors
Ferguson,Yuli,Sociis Natoque PC,erat.in.consectetuer@sociis.edu,Senior,Sambhal,(659) 327-6266,vst-075,Skills39,KV-Visitors,Visitors
Guzman,Curran,Consectetuer Cursus Inc.,elit@sagittis.net,Senior,Hulst,(893) 965-1779,vst-076,Skills39,KV-Visitors,Visitors
Grimes,Kendall,Laoreet Lectus Quis Foundation,arcu.imperdiet@faucibus.net,Senior,Koekelberg,(925) 870-9638,vst-077,Skills39,KV-Visitors,Visitors
Nguyen,Bell,Odio Tristique Pharetra Institute,eget.venenatis.a@nulla.co.uk,Senior,Sankt Wendel,(425) 919-9613,vst-078,Skills39,KV-Visitors,Visitors
Phillips,Nevada,Vel LLC,Praesent.eu@eget.co.uk,Senior,Habay-la-Neuve,(877) 529-1805,vst-079,Skills39,KV-Visitors,Visitors
Sloan,Porter,Odio Incorporated,at.risus@aliquameros.com,Senior,Flint,(566) 680-5788,vst-080,Skills39,KV-Visitors,Visitors
Todd,Blake,Lorem Corporation,Ut@at.net,Senior,Malkajgiri,(327) 497-1398,vst-081,Skills39,KV-Visitors,Visitors
Velasquez,Britanney,Ipsum Primis In Institute,Curabitur.massa.Vestibulum@justo.ca,Senior,Naperville,(969) 416-1736,vst-082,Skills39,KV-Visitors,Visitors
Pratt,Britanni,Tellus Suspendisse Industries,litora.torquent.per@Duis.net,Senior,De Klinge,(277) 850-7269,vst-083,Skills39,KV-Visitors,Visitors
Riddle,Jesse,Aenean Industries,quis.diam.luctus@neque.com,Senior,Beervelde,(441) 786-3631,vst-084,Skills39,KV-Visitors,Visitors
Stevenson,Wendy,Erat In Consectetuer Ltd,ultricies@Namtempordiam.com,Senior,Rotello,(468) 682-2237,vst-085,Skills39,KV-Visitors,Visitors
Pearson,Cyrus,In Lorem Donec Consulting,semper.egestas@pellentesque.com,Senior,Aurillac,(940) 694-2650,vst-086,Skills39,KV-Visitors,Visitors
Charles,Hyacinth,Justo Nec Corporation,iaculis@quisdiamluctus.net,Senior,Geesthacht,(123) 363-2515,vst-087,Skills39,KV-Visitors,Visitors
Blackburn,Eaton,Vel Pede Industries,Phasellus@eu.org,Senior,Granada,(802) 843-4892,vst-088,Skills39,KV-Visitors,Visitors
Sosa,Rylee,Dignissim Tempor Arcu Foundation,sagittis.Duis.gravida@cursusnon.org,Senior,Sint-Amandsberg,(960) 274-4875,vst-089,Skills39,KV-Visitors,Visitors
Whitehead,Joseph,Ac Corporation,venenatis.a.magna@vitaesodales.ca,Senior,San Clemente,(808) 507-0313,vst-090,Skills39,KV-Visitors,Visitors
Lancaster,Brenden,Tristique Pellentesque Tellus Limited,magnis.dis.parturient@Quisque.ca,Senior,Monte Giberto,(487) 254-9238,vst-091,Skills39,KV-Visitors,Visitors
Larsen,Hayes,Sem Vitae Corp.,turpis.Aliquam.adipiscing@tempor.com,Senior,Fatehpur,(978) 615-3295,vst-092,Skills39,KV-Visitors,Visitors
Stone,Phillip,Quisque Imperdiet Company,sodales.at@adipiscingfringillaporttitor.net,Senior,Braives,(815) 295-4308,vst-093,Skills39,KV-Visitors,Visitors
Sullivan,Felicia,Tempus Industries,ac.mi@nuncid.com,Senior,Elbl?g,(135) 771-8185,vst-094,Skills39,KV-Visitors,Visitors
Mullen,Talon,Eu Augue Foundation,inceptos.hymenaeos.Mauris@risus.edu,Senior,Linlithgow,(748) 138-6201,vst-095,Skills39,KV-Visitors,Visitors
Greer,Walter,Tincidunt Neque Vitae Consulting,lectus@ipsumDonecsollicitudin.ca,Senior,Scandriglia,(858) 407-2434,vst-096,Skills39,KV-Visitors,Visitors
Noble,Jocelyn,Est Congue A LLP,nec.quam@auctorullamcorpernisl.org,Senior,Raigarh,(363) 978-0008,vst-097,Skills39,KV-Visitors,Visitors
Lane,Xena,Sapien Inc.,tellus.id.nunc@Sedid.ca,Senior,San Diego,(247) 527-5957,vst-098,Skills39,KV-Visitors,Visitors
Keith,TaShya,Nisi Ltd,lacus.varius@Donec.edu,Senior,San Rafael,(830) 651-6518,vst-099,Skills39,KV-Visitors,Visitors
Chapman,Eliana,Primis In Corp.,eget.ipsum.Suspendisse@nisisemsemper.com,Senior,Athus,(326) 894-2250,vst-100,Skills39,KV-Visitors,Visitors
